TERM,REGION,PROVINCE,CITY/MUNICIPALITY,BARANGAY,POSITION,TERM IN PRESENT POSITION,LASTNAME,FIRSTNAME,MIDDLENAME,SUFFIX,BARANGAY TEL NO.
2023 - 2026,REGION I,PANGASINAN,SAN CARLOS,Acad,Punong Barangay,1ST,HESIM,TEODORO,VILLA,,
2023 - 2026,REGION I,PANGASINAN,SAN CARLOS,Acad,Sangguniang Barangay Member,1ST,SUMALPONG,ARCADIA,ENTERA,,
2023 - 2026,REGION I,PANGASINAN,SAN CARLOS,Acad,Sangguniang Barangay Member,1ST,MONERA,ANNA CORA,AMARO,,
2023 - 2026,REGION I,PANGASINAN,SAN CARLOS,Acad,Sangguniang Barangay Member,1ST,VILLASORDA,JENESISA,ENAJADA,,
2023 - 2026,REGION I,PANGASINAN,SAN CARLOS,Acad,Sangguniang Barangay Member,1ST,ENGCOY,LUPER,VILLASORDA,,
2023 - 2026,REGION I,PANGASINAN,SAN CARLOS,Acad,Sangguniang Barangay Member,1ST,MENDEZ,ROLAND,DAGWAYAN,,
2023 - 2026,REGION I,PANGASINAN,SAN CARLOS,Acad,Sangguniang Barangay Member,2ND,SUMALPONG,LAARNIE,AMARO,,
2023 - 2026,REGION I,PANGASINAN,SAN CARLOS,Acad,Sangguniang Barangay Member,1ST,AMARO,JESMAR,PUAVIN,,
2023 - 2026,REGION I,PANGASINAN,SAN CARLOS,Acad,SK Chairperson,1ST,HESIM,WARREN,VILLA,,
2023 - 2026,REGION I,PANGASINAN,SAN CARLOS,Acad,Barangay Treasurer,,ESTALLO,BIENVENIDO,AMARO,,
2023 - 2026,REGION I,PANGASINAN,SAN CARLOS,Acad,Barangay Secretary,,ESTALLO,MADELYN,BATLAG,,
2023 - 2026,REGION I,PANGASINAN,SAN CARLOS,Acad,SK Member,1ST,MENDOZA,GERALD,VILLA,,
2023 - 2026,REGION I,PANGASINAN,SAN CARLOS,Acad,SK Member,1ST,ESTALLO,FRANK DRANREV,BATLAG,,
2023 - 2026,REGION I,PANGASINAN,SAN CARLOS,Acad,SK Member,1ST,leones,roniel,candia,,
2023 - 2026,REGION I,PANGASINAN,SAN CARLOS,Acad,SK Member,1ST,HESIM,LEOVIE,VILLA,,
2023 - 2026,REGION I,PANGASINAN,SAN CARLOS,Acad,SK Member,1ST,GILLA,KENT IVAN,HESIM,,
2023 - 2026,REGION I,PANGASINAN,SAN CARLOS,Acad,SK Member,1ST,VALENCIA,LORENCE,PRIOLO,JR.,
2023 - 2026,REGION I,PANGASINAN,SAN CARLOS,Acad,SK Secretary,,ESTALLO,STEPHANIE JANE,JUNGOY,,
2023 - 2026,REGION I,PANGASINAN,SAN CARLOS,Acad,SK Treasurer,,GABRIEL,"CARLYN ,ARIE",ESTALLO,,
2023 - 2026,REGION I,PANGASINAN,SAN CARLOS,Alang-alang,Punong Barangay,2ND,LUCERO,NELSON,SALAZAR,,
2023 - 2026,REGION I,PANGASINAN,SAN CARLOS,Alang-alang,Sangguniang Barangay Member,1ST,Baraquia,Amando,Gutierrez,,
2023 - 2026,REGION I,PANGASINAN,SAN CARLOS,Alang-alang,Sangguniang Barangay Member,1ST,FORTUNA,ROGER,LIMUTAN,SR.,
2023 - 2026,REGION I,PANGASINAN,SAN CARLOS,Alang-alang,Sangguniang Barangay Member,3RD,DUGAY,VICTORIA,YAÑEZ,,
2023 - 2026,REGION I,PANGASINAN,SAN CARLOS,Alang-alang,Sangguniang Barangay Member,1ST,IWAY,REYWEL,SILAO,,
2023 - 2026,REGION I,PANGASINAN,SAN CARLOS,Alang-alang,Sangguniang Barangay Member,1ST,BONTIA,RAMIL,ENOT,,
2023 - 2026,REGION I,PANGASINAN,SAN CARLOS,Alang-alang,Sangguniang Barangay Member,2ND,MALUNHAO,FLORDELIZA,OPSIMA,,
2023 - 2026,REGION I,PANGASINAN,SAN CARLOS,Alang-alang,SK Chairperson,1ST,ACOSTA,ELGIE MARK,DIANO,,
2023 - 2026,REGION I,PANGASINAN,SAN CARLOS,Alang-alang,Barangay Treasurer,,MOLDE,CRISELDA,BARAQUIA,,
2023 - 2026,REGION I,PANGASINAN,SAN CARLOS,Alang-alang,Barangay Secretary,,DENOSTA,MYLA,LUCERO,,
2023 - 2026,REGION I,PANGASINAN,SAN CARLOS,Alegria,Punong Barangay,1ST,Cabatingan,Almer,Sumalpong,,
2023 - 2026,REGION I,PANGASINAN,SAN CARLOS,Alegria,Sangguniang Barangay Member,1ST,Daga,Maristel,Estrera,,
2023 - 2026,REGION I,PANGASINAN,SAN CARLOS,Alegria,Sangguniang Barangay Member,1ST,Sususco,Jaread,Sanchez,,
2023 - 2026,REGION I,PANGASINAN,SAN CARLOS,Alegria,Sangguniang Barangay Member,3RD,Ceniza,Jemar,Pontimayor,,
2023 - 2026,REGION I,PANGASINAN,SAN CARLOS,Alegria,Sangguniang Barangay Member,1ST,Ceniza,Eliezer,Armero,,
2023 - 2026,REGION I,PANGASINAN,SAN CARLOS,Alegria,Sangguniang Barangay Member,2ND,Armiñon,Judith,Oral,,
2023 - 2026,REGION I,PANGASINAN,SAN CARLOS,Alegria,Sangguniang Barangay Member,2ND,Cabatingan,Flora,Estrera,,
2023 - 2026,REGION I,PANGASINAN,SAN CARLOS,Alegria,Sangguniang Barangay Member,1ST,Enarciso,Armando,Cabalquinto,,
2023 - 2026,REGION I,PANGASINAN,SAN CARLOS,Alegria,Barangay Treasurer,,Godinez,Joeven,Cabatingan,,
2023 - 2026,REGION I,PANGASINAN,SAN CARLOS,Alegria,Barangay Secretary,,MOÑASQUE,JAMYCA,PRADIA,,
2023 - 2026,REGION I,PANGASINAN,SAN CARLOS,Anonang,Punong Barangay,3RD,DOLERO,RODRIGO,ALIPIN,,
2023 - 2026,REGION I,PANGASINAN,SAN CARLOS,Anonang,Sangguniang Barangay Member,1ST,JAYME,LEOPOLDO,SARBUIS,,
2023 - 2026,REGION I,PANGASINAN,SAN CARLOS,Anonang,Sangguniang Barangay Member,1ST,DOLERO,GEMMA,ROTA,,
2023 - 2026,REGION I,PANGASINAN,SAN CARLOS,Anonang,Sangguniang Barangay Member,1ST,SAYSIP,RECHE,MARIQUITA,,
2023 - 2026,REGION I,PANGASINAN,SAN CARLOS,Anonang,Sangguniang Barangay Member,1ST,PATIGDAS,FIDEL,MONTEBON,,
2023 - 2026,REGION I,PANGASINAN,SAN CARLOS,Anonang,Sangguniang Barangay Member,1ST,MARATA,CIELO,OPADA,,
2023 - 2026,REGION I,PANGASINAN,SAN CARLOS,Anonang,Sangguniang Barangay Member,1ST,OPADA,ALVIN,RUILES,,
2023 - 2026,REGION I,PANGASINAN,SAN CARLOS,Anonang,Sangguniang Barangay Member,1ST,CABERTE,ROGELIO,GEMANG,,
2023 - 2026,REGION I,PANGASINAN,SAN CARLOS,Anonang,SK Chairperson,1ST,SABUELO,MARY JOY,SALICANAN,,
2023 - 2026,REGION I,PANGASINAN,SAN CARLOS,Anonang,Barangay Treasurer,,RUIZ,BEN JAMES,QUIAPO,,
2023 - 2026,REGION I,PANGASINAN,SAN CARLOS,Anonang,Barangay Secretary,,genobisa,rosalie,munoz,,
2023 - 2026,REGION I,PANGASINAN,SAN CARLOS,Anonang,SK Member,1ST,RUILES,KENNETH MARVIN,PADAYHAG,,
2023 - 2026,REGION I,PANGASINAN,SAN CARLOS,Anonang,SK Member,1ST,MARATA,ROGIN,PITOGO,,
2023 - 2026,REGION I,PANGASINAN,SAN CARLOS,Anonang,SK Member,1ST,SAYSIP,JOHN CARL,SENINING,,
2023 - 2026,REGION I,PANGASINAN,SAN CARLOS,Anonang,SK Member,1ST,YAMARO,DANEZA,BEDICO,,
2023 - 2026,REGION I,PANGASINAN,SAN CARLOS,Anonang,SK Member,1ST,INDIG,RHADJE,SARONA,,
2023 - 2026,REGION I,PANGASINAN,SAN CARLOS,Anonang,SK Member,1ST,FLORES,LEA,AMACA,,
2023 - 2026,REGION I,PANGASINAN,SAN CARLOS,Anonang,SK Member,1ST,QUIAPO,JAN MICHAEL,TIBOR,,
2023 - 2026,REGION I,PANGASINAN,SAN CARLOS,Anonang,SK Secretary,,SENINING,VANEZA,BUTOHAN,,
2023 - 2026,REGION I,PANGASINAN,SAN CARLOS,Anonang,SK Treasurer,,CABERTE,LYNE MAE,CRAMPATANA,,
2023 - 2026,REGION I,PANGASINAN,SAN CARLOS,Bagong Mandaue,Punong Barangay,3RD,pino,rodrigo,atetio,,
2023 - 2026,REGION I,PANGASINAN,SAN CARLOS,Bagong Mandaue,Sangguniang Barangay Member,2ND,BAGUIO,WILFREDO,ARDIENTE,,
2023 - 2026,REGION I,PANGASINAN,SAN CARLOS,Bagong Mandaue,Sangguniang Barangay Member,1ST,JUBAN,DICK,RUTA,,
2023 - 2026,REGION I,PANGASINAN,SAN CARLOS,Bagong Mandaue,Sangguniang Barangay Member,1ST,MENDOZA,ANGELINA,ERIOSA,,
2023 - 2026,REGION I,PANGASINAN,SAN CARLOS,Bagong Mandaue,Sangguniang Barangay Member,1ST,coca,genevive,baguio,,
2023 - 2026,REGION I,PANGASINAN,SAN CARLOS,Bagong Mandaue,Sangguniang Barangay Member,2ND,solon,rolan,castro,,
2023 - 2026,REGION I,PANGASINAN,SAN CARLOS,Bagong Mandaue,Sangguniang Barangay Member,1ST,goc-ong,alecia,ardoÑa,,
2023 - 2026,REGION I,PANGASINAN,SAN CARLOS,Bagong Mandaue,Sangguniang Barangay Member,,pino,alma mishel,bonita,,
2023 - 2026,REGION I,PANGASINAN,SAN CARLOS,Bagong Mandaue,SK Chairperson,1ST,PENOTE,MARK JOHN PAUL,DELOESTE,,
2023 - 2026,REGION I,PANGASINAN,SAN CARLOS,Bagong Mandaue,Barangay Treasurer,,dragon,emelyn,bagayo,,
2023 - 2026,REGION I,PANGASINAN,SAN CARLOS,Bagong Mandaue,Barangay Secretary,,cenas,girlie,puno,,
2023 - 2026,REGION I,PANGASINAN,SAN CARLOS,Bagong Mandaue,SK Member,1ST,ARDOÑA,JIMBOY,PUNO,,
2023 - 2026,REGION I,PANGASINAN,SAN CARLOS,Bagong Mandaue,SK Member,1ST,PUEBLA,ALIEN,ASURO,,
2023 - 2026,REGION I,PANGASINAN,SAN CARLOS,Bagong Mandaue,SK Member,1ST,PUNO,JERICO,GOC-ONG,,
2023 - 2026,REGION I,PANGASINAN,SAN CARLOS,Bagong Mandaue,SK Member,1ST,ARDOÑA,KIMVERLY,RAMO,,
2023 - 2026,REGION I,PANGASINAN,SAN CARLOS,Bagong Mandaue,SK Member,1ST,VASQUEZ,RONALD,PAJENTE,,
2023 - 2026,REGION I,PANGASINAN,SAN CARLOS,Bagong Mandaue,SK Secretary,,ERIOSA,WINDY,MAGLANGCAY,,
2023 - 2026,REGION I,PANGASINAN,SAN CARLOS,Bagong Mandaue,SK Treasurer,,BANCALE,REYNIEL,QUIMSON,,
2023 - 2026,REGION I,PANGASINAN,SAN CARLOS,Bagong Maslog,Punong Barangay,1ST,WAGAS,MARIANO,CAPOY,JR,NONE
2023 - 2026,REGION I,PANGASINAN,SAN CARLOS,Bagong Maslog,Sangguniang Barangay Member,1ST,CADUTDUT,NELSON,TAGALOG,,NONE
2023 - 2026,REGION I,PANGASINAN,SAN CARLOS,Bagong Maslog,Sangguniang Barangay Member,1ST,ESTENZO,ROSELLOR,GUMAPON,,NONE
2023 - 2026,REGION I,PANGASINAN,SAN CARLOS,Bagong Maslog,Sangguniang Barangay Member,2ND,ASTRONOMO,SHIELA,BARO,,NONE
2023 - 2026,REGION I,PANGASINAN,SAN CARLOS,Bagong Maslog,Sangguniang Barangay Member,2ND,PATALINGHUG,DIOVERT,VILLETA,,NONE
2023 - 2026,REGION I,PANGASINAN,SAN CARLOS,Bagong Maslog,Sangguniang Barangay Member,3RD,ENGLISA,FELICISIMO,GABRILLAS,,NONE
2023 - 2026,REGION I,PANGASINAN,SAN CARLOS,Bagong Maslog,Sangguniang Barangay Member,1ST,MACRA,VILMA,DAPAT,,NONE
2023 - 2026,REGION I,PANGASINAN,SAN CARLOS,Bagong Maslog,Sangguniang Barangay Member,1ST,EMILIO,MANILYN,ENGLISA,,NONE
2023 - 2026,REGION I,PANGASINAN,SAN CARLOS,Bagong Maslog,SK Chairperson,1ST,ROSAL,SIMPLICIO,CODENIERA,JR.,NONE
2023 - 2026,REGION I,PANGASINAN,SAN CARLOS,Bagong Maslog,Barangay Treasurer,,DELOS SANTOS,RUBINA,ENGLISA,,NONE
2023 - 2026,REGION I,PANGASINAN,SAN CARLOS,Bagong Maslog,Barangay Secretary,,LASCONIA,ANGEL MAE,ENGLISA,,
2023 - 2026,REGION I,PANGASINAN,SAN CARLOS,Bagong Maslog,SK Member,2ND,ESTIMADA,EDWIN,ENGLISA,JR.,NONE
2023 - 2026,REGION I,PANGASINAN,SAN CARLOS,Bagong Maslog,SK Member,1ST,ENGLISA,JUNAIRY,HERMOCILLA,,NONE
2023 - 2026,REGION I,PANGASINAN,SAN CARLOS,Bagong Maslog,SK Member,1ST,CODENIERA,RODEJEN,SANCHEZ,,NONE
2023 - 2026,REGION I,PANGASINAN,SAN CARLOS,Bagong Maslog,SK Member,1ST,CENIZA,ELADIO,PATALINGHUG,JR.,NONE
2023 - 2026,REGION I,PANGASINAN,SAN CARLOS,Bagong Maslog,SK Member,1ST,CODENIERA,LOUI JEE,GONZAGA,,NONE
2023 - 2026,REGION I,PANGASINAN,SAN CARLOS,Bagong Maslog,SK Member,1ST,CATALAN,SHIERAMIE,DURANO,,NONE
2023 - 2026,REGION I,PANGASINAN,SAN CARLOS,Bagong Maslog,SK Member,1ST,CODENIERA,BRECILLE MAE,ESTIMADA,,NONE
2023 - 2026,REGION I,PANGASINAN,SAN CARLOS,Bagong Maslog,SK Secretary,,ENGLISA,RESHEL,CAPADISO,,NONE
2023 - 2026,REGION I,PANGASINAN,SAN CARLOS,Bagong Maslog,SK Treasurer,,CADUTDUT,ANGEL,MACRA,,NONE
2023 - 2026,REGION I,PANGASINAN,SAN CARLOS,Bagong Oslob,Punong Barangay,2ND,RONDRIQUE,ANASTACIO,ONDIANO,,
2023 - 2026,REGION I,PANGASINAN,SAN CARLOS,Bagong Oslob,Sangguniang Barangay Member,2ND,TALASAN,ROGER,OVILLO,,
2023 - 2026,REGION I,PANGASINAN,SAN CARLOS,Bagong Oslob,Sangguniang Barangay Member,2ND,SALVAME,ANALIE,LISACA,,
2023 - 2026,REGION I,PANGASINAN,SAN CARLOS,Bagong Oslob,Sangguniang Barangay Member,2ND,MOSQUEDA,MAXIMO,ERAN,,
2023 - 2026,REGION I,PANGASINAN,SAN CARLOS,Bagong Oslob,Sangguniang Barangay Member,3RD,TANO,ARNULFO,ARANTE,,
2023 - 2026,REGION I,PANGASINAN,SAN CARLOS,Bagong Oslob,Sangguniang Barangay Member,3RD,TALASAN,LEONARDO,OVILLO,,
2023 - 2026,REGION I,PANGASINAN,SAN CARLOS,Bagong Oslob,Sangguniang Barangay Member,1ST,ASURO,JARRETTEE JUNNARD,GUTONG,,
2023 - 2026,REGION I,PANGASINAN,SAN CARLOS,Bagong Oslob,Sangguniang Barangay Member,,COLUBIO,JUVY,ETORMA,,
2023 - 2026,REGION I,PANGASINAN,SAN CARLOS,Bagong Oslob,SK Chairperson,1ST,GOMO,LL,JAYME,,
2023 - 2026,REGION I,PANGASINAN,SAN CARLOS,Bagong Oslob,Barangay Treasurer,,LISACA,DONALYN,ALVIA,,
2023 - 2026,REGION I,PANGASINAN,SAN CARLOS,Bagong Oslob,Barangay Secretary,,GOMO,NORELYN,MARQUEZ,,
2023 - 2026,REGION I,PANGASINAN,SAN CARLOS,Bagong Oslob,SK Member,1ST,JAYME,ENDREAN,JUEZAN,,
2023 - 2026,REGION I,PANGASINAN,SAN CARLOS,Bagong Oslob,SK Member,1ST,LARGO,CHERLYN,BONTUYAN,,
2023 - 2026,REGION I,PANGASINAN,SAN CARLOS,Bagong Oslob,SK Member,1ST,LAGUNA,JEGER,BOLAY-OG,JR.,
2023 - 2026,REGION I,PANGASINAN,SAN CARLOS,Bagong Oslob,SK Member,1ST,OVILLO,MARK NEL,MOSQUEDA,,
2023 - 2026,REGION I,PANGASINAN,SAN CARLOS,Bagong Oslob,SK Member,1ST,OHAGAN,JEFF,CUERING,,
2023 - 2026,REGION I,PANGASINAN,SAN CARLOS,Bagong Oslob,SK Member,1ST,JACA,ELGEN,GOMO,,
2023 - 2026,REGION I,PANGASINAN,SAN CARLOS,Bagong Oslob,SK Member,1ST,MOSQUEDA,EPIFANIO,FERER,,
2023 - 2026,REGION I,PANGASINAN,SAN CARLOS,Bagong Oslob,SK Secretary,,TURTOGO,JONILA,ALCALDE,,
2023 - 2026,REGION I,PANGASINAN,SAN CARLOS,Bagong Oslob,SK Treasurer,,ESLIT,ALDENE,PAUL,,
2023 - 2026,REGION I,PANGASINAN,SAN CARLOS,Bagong Pitogo,Punong Barangay,1ST,LAHOYLAHOY,ANNABEL,BATION,,
2023 - 2026,REGION I,PANGASINAN,SAN CARLOS,Bagong Pitogo,Sangguniang Barangay Member,1ST,TEJERO,GERARDO,,,
2023 - 2026,REGION I,PANGASINAN,SAN CARLOS,Bagong Pitogo,Sangguniang Barangay Member,1ST,MAYOL,VILMAR,MARIQUIT,,
2023 - 2026,REGION I,PANGASINAN,SAN CARLOS,Bagong Pitogo,Sangguniang Barangay Member,1ST,DIMPAS,ROSANNA,DALION,,
2023 - 2026,REGION I,PANGASINAN,SAN CARLOS,Bagong Pitogo,Sangguniang Barangay Member,2ND,MARIQUIT,ELSIE,MATANOG,,
2023 - 2026,REGION I,PANGASINAN,SAN CARLOS,Bagong Pitogo,Sangguniang Barangay Member,3RD,MARIQUIT,FRANCISCO,LUCERO,,
2023 - 2026,REGION I,PANGASINAN,SAN CARLOS,Bagong Pitogo,Sangguniang Barangay Member,1ST,COLA,ANIANO,YANGAN,,
2023 - 2026,REGION I,PANGASINAN,SAN CARLOS,Bagong Pitogo,Sangguniang Barangay Member,1ST,CASAS,JOSE,FLORES,,
2023 - 2026,REGION I,PANGASINAN,SAN CARLOS,Bagong Pitogo,SK Chairperson,1ST,GOMEZ,JELOU,TURNO,,0000
2023 - 2026,REGION I,PANGASINAN,SAN CARLOS,Bagong Pitogo,Barangay Treasurer,,SANDIMAN,MARIETES,MAYOL,,0000
2023 - 2026,REGION I,PANGASINAN,SAN CARLOS,Bagong Pitogo,Barangay Secretary,,MAGLANGIT,JOSEPHINE,CASAS,,0000
2023 - 2026,REGION I,PANGASINAN,SAN CARLOS,Bagong Pitogo,SK Member,1ST,CASAS,RICHELL,LUCERO,,0000
2023 - 2026,REGION I,PANGASINAN,SAN CARLOS,Bagong Pitogo,SK Member,1ST,TEJERO,JESTER,COLA,,0000
2023 - 2026,REGION I,PANGASINAN,SAN CARLOS,Bagong Pitogo,SK Member,1ST,GONZAGA,KIVEN,GOMEZ,,0000
2023 - 2026,REGION I,PANGASINAN,SAN CARLOS,Bagong Pitogo,SK Member,1ST,BATION,JOHN LLYOD,MACALITONG,,0000
2023 - 2026,REGION I,PANGASINAN,SAN CARLOS,Bagong Pitogo,SK Member,1ST,DIMPAS,REY,FLORES,,0000
2023 - 2026,REGION I,PANGASINAN,SAN CARLOS,Bagong Pitogo,SK Member,1ST,COMIQUE,LORENZ EVE,ENGLISA,,0000
2023 - 2026,REGION I,PANGASINAN,SAN CARLOS,Bagong Pitogo,SK Member,1ST,DALION,MA. JINKY,,,0000
2023 - 2026,REGION I,PANGASINAN,SAN CARLOS,Bagong Pitogo,SK Secretary,,TEJERO,GERALDINE,COLA,,0000
2023 - 2026,REGION I,PANGASINAN,SAN CARLOS,Bagong Pitogo,SK Treasurer,,CASAS,CLEAR,LUCERO,,0000
2023 - 2026,REGION I,PANGASINAN,SAN CARLOS,Baki,Punong Barangay,3RD,BORRES,ALLAN,YAMELO,,
2023 - 2026,REGION I,PANGASINAN,SAN CARLOS,Baki,Sangguniang Barangay Member,3RD,CABATINGAN,VALERIANO,SAPIO,JR.,
2023 - 2026,REGION I,PANGASINAN,SAN CARLOS,Baki,Sangguniang Barangay Member,1ST,BORRES,AMADO,YAMELO,,
2023 - 2026,REGION I,PANGASINAN,SAN CARLOS,Baki,Sangguniang Barangay Member,3RD,ARENA,PORFERIO,REDELOSA,JR.,
2023 - 2026,REGION I,PANGASINAN,SAN CARLOS,Baki,Sangguniang Barangay Member,3RD,VELASCO,MEMAN,OPSIMA,,
2023 - 2026,REGION I,PANGASINAN,SAN CARLOS,Baki,Sangguniang Barangay Member,1ST,VELASCO,NELITO,ARDIENTE,JR.,
2023 - 2026,REGION I,PANGASINAN,SAN CARLOS,Baki,Sangguniang Barangay Member,2ND,BONTUYAN,ROMNICK,MIÑOZA,,
2023 - 2026,REGION I,PANGASINAN,SAN CARLOS,Baki,Sangguniang Barangay Member,2ND,MORSUA,VILMA,VELASCO,,
2023 - 2026,REGION I,PANGASINAN,SAN CARLOS,Baki,SK Chairperson,1ST,MIÑOZA,DESIREE SHANE,CADUTDUT,,
2023 - 2026,REGION I,PANGASINAN,SAN CARLOS,Baki,Barangay Treasurer,,CANTILA,VERGIE,ARENA,,
2023 - 2026,REGION I,PANGASINAN,SAN CARLOS,Baki,Barangay Secretary,,CADUTDUT,JENNY,LEMOSNERO,,
2023 - 2026,REGION I,PANGASINAN,SAN CARLOS,Baki,SK Member,1ST,BORRES,AL,VASAYLAJE,,
2023 - 2026,REGION I,PANGASINAN,SAN CARLOS,Baki,SK Member,1ST,ARENA,JUNRE,CANAGAHAN,,
2023 - 2026,REGION I,PANGASINAN,SAN CARLOS,Baki,SK Member,1ST,VELASCO,ED,OPSIMA,,
2023 - 2026,REGION I,PANGASINAN,SAN CARLOS,Baki,SK Member,1ST,OLIVA,MARIAN,SEREGILLA,,
2023 - 2026,REGION I,PANGASINAN,SAN CARLOS,Baki,SK Member,1ST,CABATINGAN,JOANA MAE,TUBIO,,
2023 - 2026,REGION I,PANGASINAN,SAN CARLOS,Baki,SK Member,1ST,CONGSON,EARL VINCENT,COLINARES,,
2023 - 2026,REGION I,PANGASINAN,SAN CARLOS,Baki,SK Member,1ST,FUENTES,GREG ARTHUR,VELASCO,JR.,
2023 - 2026,REGION I,PANGASINAN,SAN CARLOS,Baki,SK Secretary,,VILLARIZA,KRISTEL JANE,LEMOSNERO,,
2023 - 2026,REGION I,PANGASINAN,SAN CARLOS,Baki,SK Treasurer,,CADUTDUT,CHERRY ROSE,MARTEZANO,,
2023 - 2026,REGION I,PANGASINAN,SAN CARLOS,Balas,Punong Barangay,3RD,BRAVO,RICHARD,BENURO,SR,NONE
2023 - 2026,REGION I,PANGASINAN,SAN CARLOS,Balas,Sangguniang Barangay Member,1ST,BATERSAL,NOEMIE,ESTORQUE,,NONE
2023 - 2026,REGION I,PANGASINAN,SAN CARLOS,Balas,Sangguniang Barangay Member,1ST,SARIP,JARISH,ATAY,,NONE
2023 - 2026,REGION I,PANGASINAN,SAN CARLOS,Balas,Sangguniang Barangay Member,1ST,ALIGATO,ANTONIO,MARTEL,III,NONE
2023 - 2026,REGION I,PANGASINAN,SAN CARLOS,Balas,Sangguniang Barangay Member,3RD,ARCANGEL,DANNY,SAQUIN,SR,NONE
2023 - 2026,REGION I,PANGASINAN,SAN CARLOS,Balas,Sangguniang Barangay Member,1ST,SEBONGA,AGMIL,COCA,,NONE
2023 - 2026,REGION I,PANGASINAN,SAN CARLOS,Balas,Sangguniang Barangay Member,,LUBATON,EDERLITA,B.,,09363379324
2023 - 2026,REGION I,PANGASINAN,SAN CARLOS,Balas,Sangguniang Barangay Member,,BRAVO,MAYLENE,BORREROS,,
2023 - 2026,REGION I,PANGASINAN,SAN CARLOS,Balas,SK Chairperson,1ST,BASINANG,CHRIS,BRAVO,,NONE
2023 - 2026,REGION I,PANGASINAN,SAN CARLOS,Balas,Barangay Treasurer,,BASINANG,LIZELDA,JAYME,,
2023 - 2026,REGION I,PANGASINAN,SAN CARLOS,Balas,Barangay Secretary,,FLAVIANO,JUDITH,UMBAO,,
2023 - 2026,REGION I,PANGASINAN,SAN CARLOS,Balas,SK Member,1ST,ARCANGEL,MARVIN,CALDEA,,NONE
2023 - 2026,REGION I,PANGASINAN,SAN CARLOS,Balas,SK Member,1ST,JURADO,ELISEO,TEMPORADO,JR,NONE
2023 - 2026,REGION I,PANGASINAN,SAN CARLOS,Balas,SK Member,1ST,ARCANGEL,JAKE,SAQUIN,,NONE
2023 - 2026,REGION I,PANGASINAN,SAN CARLOS,Balas,SK Member,1ST,SARIP,LADY SHAKIRA,ESTORQUE,,NONE
2023 - 2026,REGION I,PANGASINAN,SAN CARLOS,Balas,SK Member,1ST,ALBA,JESNOV,JUMAWAN,,NONE
2023 - 2026,REGION I,PANGASINAN,SAN CARLOS,Balas,SK Member,1ST,SEBONGA,ANTHONY,BORREROS,,NONE
2023 - 2026,REGION I,PANGASINAN,SAN CARLOS,Balas,SK Member,1ST,DENILA,STEPHANIE HESEL,UMBAO,,NONE
2023 - 2026,REGION I,PANGASINAN,SAN CARLOS,Balas,SK Secretary,,BOFIL,REJIN TRISHA,JAYME,,NONE
2023 - 2026,REGION I,PANGASINAN,SAN CARLOS,Balas,SK Treasurer,,PABUTAWAN,JOHN MARK,CANO-OS,,NONE
2023 - 2026,REGION I,PANGASINAN,SAN CARLOS,Balide,Punong Barangay,1ST,Chavez,Jesun,SOsusco,,
2023 - 2026,REGION I,PANGASINAN,SAN CARLOS,Balide,Sangguniang Barangay Member,1ST,Argawanon,Abel Angelo,Basiga,,
2023 - 2026,REGION I,PANGASINAN,SAN CARLOS,Balide,Sangguniang Barangay Member,3RD,Jayson,Ethel,Dugaduga,,
2023 - 2026,REGION I,PANGASINAN,SAN CARLOS,Balide,Sangguniang Barangay Member,2ND,Manatad,Artemio,Eguia,,
2023 - 2026,REGION I,PANGASINAN,SAN CARLOS,Balide,Sangguniang Barangay Member,1ST,Caburnay,Romeo,Rasonable,,
2023 - 2026,REGION I,PANGASINAN,SAN CARLOS,Balide,Sangguniang Barangay Member,1ST,Labang,Arvin,Merida,,
2023 - 2026,REGION I,PANGASINAN,SAN CARLOS,Balide,Sangguniang Barangay Member,1ST,Basiga,Amado,Atamosa,Sr,
2023 - 2026,REGION I,PANGASINAN,SAN CARLOS,Balide,Sangguniang Barangay Member,,CHAVEZ,DAVE JOEL,SUSUSCO,,
2023 - 2026,REGION I,PANGASINAN,SAN CARLOS,Balide,SK Chairperson,1ST,Sanchez,Jong Kie,Flores,,
2023 - 2026,REGION I,PANGASINAN,SAN CARLOS,Balide,Barangay Treasurer,,ESTINOPO,SHENA,DELOSTRICO,,
2023 - 2026,REGION I,PANGASINAN,SAN CARLOS,Balide,Barangay Secretary,,DUGADUGA,IMAE LOU,LUNOR,,
2023 - 2026,REGION I,PANGASINAN,SAN CARLOS,Balide,SK Member,1ST,Delostrico,Jason,,,
2023 - 2026,REGION I,PANGASINAN,SAN CARLOS,Balide,SK Member,1ST,Gumapon,Herbert,,,
2023 - 2026,REGION I,PANGASINAN,SAN CARLOS,Balide,SK Member,1ST,Caraca,Ghea Mae,Cadungog,,
2023 - 2026,REGION I,PANGASINAN,SAN CARLOS,Balide,SK Member,1ST,Gumapon,Rezzel Mae,Noval,,
2023 - 2026,REGION I,PANGASINAN,SAN CARLOS,Balide,SK Member,1ST,Salinas,Michelle,,,
2023 - 2026,REGION I,PANGASINAN,SAN CARLOS,Balide,SK Member,1ST,Llorag,Rojie Kyle,Lacuna,,
2023 - 2026,REGION I,PANGASINAN,SAN CARLOS,Balide,SK Member,1ST,De Felix,Jore Ann,Delostrico,,
2023 - 2026,REGION I,PANGASINAN,SAN CARLOS,Balide,SK Secretary,,Namoco,Sybelle Mae,Luntayao,,
2023 - 2026,REGION I,PANGASINAN,SAN CARLOS,Balide,SK Treasurer,,Chavez,Dave Joel,Sususco,,
2023 - 2026,REGION I,PANGASINAN,SAN CARLOS,Balintawak,Punong Barangay,2ND,ARIAS,NIXON,BAGAYO,,
2023 - 2026,REGION I,PANGASINAN,SAN CARLOS,Balintawak,Sangguniang Barangay Member,2ND,ZAMORA,JULGEN,PELONGO,,
2023 - 2026,REGION I,PANGASINAN,SAN CARLOS,Balintawak,Sangguniang Barangay Member,1ST,GALINGAY,JOAN,MALARAS,,
2023 - 2026,REGION I,PANGASINAN,SAN CARLOS,Balintawak,Sangguniang Barangay Member,1ST,aliser,rico,bag-ao,,
2023 - 2026,REGION I,PANGASINAN,SAN CARLOS,Balintawak,Sangguniang Barangay Member,1ST,sabal,elenita,saladaga,,
2023 - 2026,REGION I,PANGASINAN,SAN CARLOS,Balintawak,Sangguniang Barangay Member,1ST,BACONG,FE,VEGA,,
2023 - 2026,REGION I,PANGASINAN,SAN CARLOS,Balintawak,Sangguniang Barangay Member,2ND,NABLE,SUSAN,POHANES,,
2023 - 2026,REGION I,PANGASINAN,SAN CARLOS,Balintawak,Sangguniang Barangay Member,2ND,arias,santos,bagayo,,
2023 - 2026,REGION I,PANGASINAN,SAN CARLOS,Balintawak,SK Chairperson,1ST,PELONGO,ARIEL,ALDABA,,
2023 - 2026,REGION I,PANGASINAN,SAN CARLOS,Balintawak,Barangay Treasurer,,VEGA,JESTER,BAJAO,,
2023 - 2026,REGION I,PANGASINAN,SAN CARLOS,Balintawak,Barangay Secretary,,repulle,rosita,vega,,
2023 - 2026,REGION I,PANGASINAN,SAN CARLOS,Balintawak,SK Member,1ST,BADOL,MIRAFLOR,MALARAS,,
2023 - 2026,REGION I,PANGASINAN,SAN CARLOS,Balintawak,SK Member,1ST,RANCES,DARYL,LANORIAS,,
2023 - 2026,REGION I,PANGASINAN,SAN CARLOS,Balintawak,SK Member,1ST,ALBINA,MARK EDJIE,ATAMOSA,,
2023 - 2026,REGION I,PANGASINAN,SAN CARLOS,Balintawak,SK Member,1ST,POHANES,STEPHEN JAY,PACULBA,,
2023 - 2026,REGION I,PANGASINAN,SAN CARLOS,Balintawak,SK Member,1ST,CINCO,ANGELITO,RICO,,
2023 - 2026,REGION I,PANGASINAN,SAN CARLOS,Balintawak,SK Member,1ST,SANCHEZ,JOLEMIE,OPLE,,
2023 - 2026,REGION I,PANGASINAN,SAN CARLOS,Balintawak,SK Member,1ST,BACONG,JESSAN,PADOR,,
2023 - 2026,REGION I,PANGASINAN,SAN CARLOS,Balintawak,SK Secretary,,LANORIAS,EDCEL,QUIMO,,
2023 - 2026,REGION I,PANGASINAN,SAN CARLOS,Balintawak,SK Treasurer,,ALISER,RICYL,ARIAS,,
2023 - 2026,REGION I,PANGASINAN,SAN CARLOS,Bayabas,Punong Barangay,1ST,PUAVIN,DONATO,PLAÑA,,
2023 - 2026,REGION I,PANGASINAN,SAN CARLOS,Bayabas,Sangguniang Barangay Member,1ST,SIAO,CLAUDIO,PROCRATO,JR.,
2023 - 2026,REGION I,PANGASINAN,SAN CARLOS,Bayabas,Sangguniang Barangay Member,2ND,AMARO,EDNA,NOVAL,,
2023 - 2026,REGION I,PANGASINAN,SAN CARLOS,Bayabas,Sangguniang Barangay Member,2ND,AYA-AY,JULIUS,ARIZO,,
2023 - 2026,REGION I,PANGASINAN,SAN CARLOS,Bayabas,Sangguniang Barangay Member,2ND,siao,saturnino,amaro,,
2023 - 2026,REGION I,PANGASINAN,SAN CARLOS,Bayabas,Sangguniang Barangay Member,1ST,caballero,eden,ruiles,,
2023 - 2026,REGION I,PANGASINAN,SAN CARLOS,Bayabas,Sangguniang Barangay Member,1ST,dela cerna,babie lourdes,aya-ay,,
2023 - 2026,REGION I,PANGASINAN,SAN CARLOS,Bayabas,Sangguniang Barangay Member,,RUILES,ARLENE,ROLDAN,,
2023 - 2026,REGION I,PANGASINAN,SAN CARLOS,Bayabas,SK Chairperson,1ST,alimanza,joma christ,perez,,
2023 - 2026,REGION I,PANGASINAN,SAN CARLOS,Bayabas,Barangay Treasurer,,legarde,ranil,cole,,
2023 - 2026,REGION I,PANGASINAN,SAN CARLOS,Bayabas,Barangay Secretary,,MENDOZA,nesanor,samodal,,
2023 - 2026,REGION I,PANGASINAN,SAN CARLOS,Bayabas,SK Member,1ST,ESTAURA,JESSA,HESIM,,
2023 - 2026,REGION I,PANGASINAN,SAN CARLOS,Bayabas,SK Member,1ST,BOCTUAN,JHONNA MAE,RUILES,,
2023 - 2026,REGION I,PANGASINAN,SAN CARLOS,Bayabas,SK Member,1ST,villa,jandel,amaro,,
2023 - 2026,REGION I,PANGASINAN,SAN CARLOS,Bayabas,SK Member,1ST,guiritan,rhygie,ruiles,,
2023 - 2026,REGION I,PANGASINAN,SAN CARLOS,Bayabas,SK Member,1ST,amaro,fel christian,ronda,,
2023 - 2026,REGION I,PANGASINAN,SAN CARLOS,Bayabas,SK Member,1ST,siao,claudine,amacna,,
2023 - 2026,REGION I,PANGASINAN,SAN CARLOS,Bayabas,SK Member,1ST,dela cerna,jesslyn rose,bontia,,
2023 - 2026,REGION I,PANGASINAN,SAN CARLOS,Bayabas,SK Secretary,,puavin,ashce,suday,,
2023 - 2026,REGION I,PANGASINAN,SAN CARLOS,Bayabas,SK Treasurer,,RUILES,shene,ROLDAN,,
2023 - 2026,REGION I,PANGASINAN,SAN CARLOS,Bemposa,Punong Barangay,2ND,Reformado,Markel,Armero,,
2023 - 2026,REGION I,PANGASINAN,SAN CARLOS,Bemposa,Sangguniang Barangay Member,2ND,Estenzo,Romar,Bontuyan,,
2023 - 2026,REGION I,PANGASINAN,SAN CARLOS,Bemposa,Sangguniang Barangay Member,2ND,Oliva,Alvin,,,
2023 - 2026,REGION I,PANGASINAN,SAN CARLOS,Bemposa,Sangguniang Barangay Member,2ND,Mondoñedo,Melchorie,,,
2023 - 2026,REGION I,PANGASINAN,SAN CARLOS,Bemposa,Sangguniang Barangay Member,1ST,Oral,Semplicio,Repaso,,
2023 - 2026,REGION I,PANGASINAN,SAN CARLOS,Bemposa,Sangguniang Barangay Member,1ST,Jorquia,Noel,Sedenio,,
2023 - 2026,REGION I,PANGASINAN,SAN CARLOS,Bemposa,Sangguniang Barangay Member,1ST,Gayo,Edwin,Reformado,,
2023 - 2026,REGION I,PANGASINAN,SAN CARLOS,Bemposa,Sangguniang Barangay Member,1ST,Cabahug,Ivy,Oral,,
2023 - 2026,REGION I,PANGASINAN,SAN CARLOS,Bemposa,SK Chairperson,1ST,RULE,KENT RYAN,ARNILLA,,
2023 - 2026,REGION I,PANGASINAN,SAN CARLOS,Bemposa,Barangay Treasurer,,Molejon,Julieta,Baclado,,
2023 - 2026,REGION I,PANGASINAN,SAN CARLOS,Bemposa,Barangay Secretary,,Serios,Georjean,Aporado,,
2023 - 2026,REGION I,PANGASINAN,SAN CARLOS,Bemposa,SK Member,1ST,MONDOÑEDO,RAYMARK,ROBLES,,
2023 - 2026,REGION I,PANGASINAN,SAN CARLOS,Bemposa,SK Member,1ST,ARMERO,JAIN HANIE,ARNILLA,,
2023 - 2026,REGION I,PANGASINAN,SAN CARLOS,Bemposa,SK Member,1ST,COTMAYA,RENATO,MONERA,,
2023 - 2026,REGION I,PANGASINAN,SAN CARLOS,Bemposa,SK Member,1ST,MONERA,JEMARIE,ESTENZO,,
2023 - 2026,REGION I,PANGASINAN,SAN CARLOS,Bemposa,SK Member,1ST,MONSULLER,DJ,ESTENZO,,
2023 - 2026,REGION I,PANGASINAN,SAN CARLOS,Bemposa,SK Member,1ST,ORAL,CHRISTIAN,SOLIS,,
2023 - 2026,REGION I,PANGASINAN,SAN CARLOS,Bemposa,SK Member,1ST,SARMIENTO,ELJEMAR,ARMODIA,,
2023 - 2026,REGION I,PANGASINAN,SAN CARLOS,Bemposa,SK Secretary,,MOLEJON,SHYNNE,,,
2023 - 2026,REGION I,PANGASINAN,SAN CARLOS,Bemposa,SK Treasurer,,CASINTO,CRISHYA,MONDARES,,
2023 - 2026,REGION I,PANGASINAN,SAN CARLOS,Cabilinan,Punong Barangay,2ND,QUIÑO,ADEMAR,L,,0000
2023 - 2026,REGION I,PANGASINAN,SAN CARLOS,Cabilinan,Sangguniang Barangay Member,1ST,OVILLO,KERVIN,LUCERO,,0000
2023 - 2026,REGION I,PANGASINAN,SAN CARLOS,Cabilinan,Sangguniang Barangay Member,2ND,MIRASUL,ABNER,DETANA,,0000
2023 - 2026,REGION I,PANGASINAN,SAN CARLOS,Cabilinan,Sangguniang Barangay Member,1ST,CAÑETE,NIÑO JESILO,P,,0000
2023 - 2026,REGION I,PANGASINAN,SAN CARLOS,Cabilinan,Sangguniang Barangay Member,1ST,PACIENCIA,ELVIN,M,,0000
2023 - 2026,REGION I,PANGASINAN,SAN CARLOS,Cabilinan,Sangguniang Barangay Member,1ST,ARIAS,GENNY,J,SR,0000
2023 - 2026,REGION I,PANGASINAN,SAN CARLOS,Cabilinan,Sangguniang Barangay Member,1ST,CAÑETE,MERDEL,P,,0000
2023 - 2026,REGION I,PANGASINAN,SAN CARLOS,Cabilinan,Sangguniang Barangay Member,2ND,SAGARAL,DIOSDADA,LAMBAYAN,,0000
2023 - 2026,REGION I,PANGASINAN,SAN CARLOS,Cabilinan,SK Chairperson,1ST,BANTASAN,JAY BOY,EBO,,0000
2023 - 2026,REGION I,PANGASINAN,SAN CARLOS,Cabilinan,Barangay Treasurer,,BARBAJO,JANICE,MIRASOL,,0000
2023 - 2026,REGION I,PANGASINAN,SAN CARLOS,Cabilinan,Barangay Secretary,,LAMBAYAN,PEARLY,BETACURA,,0000
2023 - 2026,REGION I,PANGASINAN,SAN CARLOS,Cabilinan,SK Member,1ST,ALFEREZ,JOHN YRRAH,,,0000
2023 - 2026,REGION I,PANGASINAN,SAN CARLOS,Cabilinan,SK Member,1ST,PIÑAS,ROGIE,DELOS SANTOS,,0000
2023 - 2026,REGION I,PANGASINAN,SAN CARLOS,Cabilinan,SK Member,1ST,BELARMINO,JOHN,MIRASOL,,0000
2023 - 2026,REGION I,PANGASINAN,SAN CARLOS,Cabilinan,SK Member,1ST,CAÑETE,JOHN REMARK,BUSCATO,,0000
2023 - 2026,REGION I,PANGASINAN,SAN CARLOS,Cabilinan,SK Member,1ST,EBO,JUN REY,OLITRES,,0000
2023 - 2026,REGION I,PANGASINAN,SAN CARLOS,Cabilinan,SK Member,1ST,PEPITO,AINEZ,CODENIERA,,0000
2023 - 2026,REGION I,PANGASINAN,SAN CARLOS,Cabilinan,SK Member,1ST,OPAY,KATHLEEN MILES,DAGOOC,,0000
2023 - 2026,REGION I,PANGASINAN,SAN CARLOS,Cabilinan,SK Secretary,,ARIAS,LOYD JUPHEL,LAMBAYAN,,0000
2023 - 2026,REGION I,PANGASINAN,SAN CARLOS,Cabilinan,SK Treasurer,,ESTIMADA,JOCELYN,DELIMA,,0000
2023 - 2026,REGION I,PANGASINAN,SAN CARLOS,Campo Uno,Punong Barangay,3RD,TALISIC,NARCISA,RIVERA,,
2023 - 2026,REGION I,PANGASINAN,SAN CARLOS,Campo Uno,Sangguniang Barangay Member,2ND,QUIREM,JEMUEL,DATOY,,
2023 - 2026,REGION I,PANGASINAN,SAN CARLOS,Campo Uno,Sangguniang Barangay Member,1ST,TALISIC,FHERNAN JAY,RIVERA,,
2023 - 2026,REGION I,PANGASINAN,SAN CARLOS,Campo Uno,Sangguniang Barangay Member,1ST,CUIZON,NYCIL,QUIRIM,,
2023 - 2026,REGION I,PANGASINAN,SAN CARLOS,Campo Uno,Sangguniang Barangay Member,1ST,BACUS,ISAGANI,GALVEZ,,
2023 - 2026,REGION I,PANGASINAN,SAN CARLOS,Campo Uno,Sangguniang Barangay Member,3RD,BELVIATURA,RONIE,MANGUBAT,,
2023 - 2026,REGION I,PANGASINAN,SAN CARLOS,Campo Uno,Sangguniang Barangay Member,,TALISIC,FLORA,LAWAS,,
2023 - 2026,REGION I,PANGASINAN,SAN CARLOS,Campo Uno,Sangguniang Barangay Member,,PAMAN,MONICO,DENIEGA,,
2023 - 2026,REGION I,PANGASINAN,SAN CARLOS,Campo Uno,SK Chairperson,1ST,AREGLO,JOVAN JAMES,MANISAN,,
2023 - 2026,REGION I,PANGASINAN,SAN CARLOS,Campo Uno,Barangay Treasurer,,MACASAOL,ANALIZA,BACUS,,
2023 - 2026,REGION I,PANGASINAN,SAN CARLOS,Campo Uno,Barangay Secretary,,BACUS,REZALINE,MONTECALVO,,
2023 - 2026,REGION I,PANGASINAN,SAN CARLOS,Campo Uno,SK Member,1ST,HERNANDO,JETER,CORONEL,,
2023 - 2026,REGION I,PANGASINAN,SAN CARLOS,Campo Uno,SK Member,1ST,BELVIATURA,PINKYLIE,AMARO,,
2023 - 2026,REGION I,PANGASINAN,SAN CARLOS,Campo Uno,SK Member,1ST,ORCEDA,HERMENIEL JAMES,TUBIO,,
2023 - 2026,REGION I,PANGASINAN,SAN CARLOS,Campo Uno,SK Member,1ST,MANGGURAY,LOUISE FRANCIS JEMAR,BAYONADO,,
2023 - 2026,REGION I,PANGASINAN,SAN CARLOS,Campo Uno,SK Member,1ST,TALISIC,MARIA IRISH,SALVACION,,
2023 - 2026,REGION I,PANGASINAN,SAN CARLOS,Campo Uno,SK Member,1ST,QUIRIM,JOSUAH,REVELLIZA,,
2023 - 2026,REGION I,PANGASINAN,SAN CARLOS,Campo Uno,SK Member,1ST,REVIRA,JAYPEE,DOLERO,,
2023 - 2026,REGION I,PANGASINAN,SAN CARLOS,Campo Uno,SK Secretary,,RABACA,CHARM MILLEN,JUDAYA,,
2023 - 2026,REGION I,PANGASINAN,SAN CARLOS,Campo Uno,SK Treasurer,,ARTAJO,MARIA LUZEL JANE,HERNANDO,,
2023 - 2026,REGION I,PANGASINAN,SAN CARLOS,Ceboneg,SK Chairperson,1ST,BONGGO,CHRISTY,DERAMA,,NONE
2023 - 2026,REGION I,PANGASINAN,SAN CARLOS,Ceboneg,SK Member,1ST,FIGURA,ARLENEST SAMANTHA,DERAMA,,NONE
2023 - 2026,REGION I,PANGASINAN,SAN CARLOS,Ceboneg,SK Member,1ST,PATINDOL,JULIE,AMOMONPON,,NONE
2023 - 2026,REGION I,PANGASINAN,SAN CARLOS,Ceboneg,SK Member,1ST,ORACION,RHANNEL,BAMUYA,,NONE
2023 - 2026,REGION I,PANGASINAN,SAN CARLOS,Ceboneg,SK Member,1ST,SAYRE,ERICH,ANGGAY,,NONE
2023 - 2026,REGION I,PANGASINAN,SAN CARLOS,Ceboneg,SK Member,1ST,ESCARPE,MARIEL,CANJA,,NONE
2023 - 2026,REGION I,PANGASINAN,SAN CARLOS,Ceboneg,SK Member,1ST,SAYRE,KEVIN,ABUCAY,,NONE
2023 - 2026,REGION I,PANGASINAN,SAN CARLOS,Ceboneg,SK Member,1ST,TUBIO,HACENT JAY,,,NONE
2023 - 2026,REGION I,PANGASINAN,SAN CARLOS,Ceboneg,SK Secretary,,OCANA,AIMIE,CAIRO,,NONE
2023 - 2026,REGION I,PANGASINAN,SAN CARLOS,Ceboneg,SK Treasurer,,RIVERA,VON RYAN,CALISAGAN,,NONE
2023 - 2026,REGION I,PANGASINAN,SAN CARLOS,Commonwealth,Punong Barangay,3RD,Caminade,Dante,Sr.,,
2023 - 2026,REGION I,PANGASINAN,SAN CARLOS,Commonwealth,Sangguniang Barangay Member,1ST,Borbon,Reden,Lemosnero,,
2023 - 2026,REGION I,PANGASINAN,SAN CARLOS,Commonwealth,Sangguniang Barangay Member,3RD,Cortes,Espedito,Asuelo,,
2023 - 2026,REGION I,PANGASINAN,SAN CARLOS,Commonwealth,Sangguniang Barangay Member,1ST,Rosillosa,Jess,Peresores,,
2023 - 2026,REGION I,PANGASINAN,SAN CARLOS,Commonwealth,Sangguniang Barangay Member,2ND,Villamor,Clarita,Dono,,
2023 - 2026,REGION I,PANGASINAN,SAN CARLOS,Commonwealth,Sangguniang Barangay Member,2ND,Cabatingan,Dave,Oljol,,
2023 - 2026,REGION I,PANGASINAN,SAN CARLOS,Commonwealth,Sangguniang Barangay Member,1ST,Cabatingan,Jonard,Longakit,,
2023 - 2026,REGION I,PANGASINAN,SAN CARLOS,Commonwealth,Sangguniang Barangay Member,3RD,Barotag,Dioscora,Ronolo,,
2023 - 2026,REGION I,PANGASINAN,SAN CARLOS,Commonwealth,SK Chairperson,1ST,Arante,Janna Mae,Teves,,
2023 - 2026,REGION I,PANGASINAN,SAN CARLOS,Commonwealth,Barangay Treasurer,,Luna,Myzel,Curbo,,
2023 - 2026,REGION I,PANGASINAN,SAN CARLOS,Commonwealth,Barangay Secretary,,Villamor,Angel,Bahio,,
2023 - 2026,REGION I,PANGASINAN,SAN CARLOS,Commonwealth,SK Member,1ST,Solon,Janice,Borres,,
2023 - 2026,REGION I,PANGASINAN,SAN CARLOS,Commonwealth,SK Member,1ST,Ferraren,Richard,David,,
2023 - 2026,REGION I,PANGASINAN,SAN CARLOS,Commonwealth,SK Member,1ST,Estoquia,Jeff Randel,Caminade,,
2023 - 2026,REGION I,PANGASINAN,SAN CARLOS,Commonwealth,SK Member,1ST,Lahoylahoy,Klarins,Sobrio,,
2023 - 2026,REGION I,PANGASINAN,SAN CARLOS,Commonwealth,SK Member,1ST,Maglipac,Jerson,Oliveros,,
2023 - 2026,REGION I,PANGASINAN,SAN CARLOS,Commonwealth,SK Member,1ST,Padigos,Chyrene,Suhot,,
2023 - 2026,REGION I,PANGASINAN,SAN CARLOS,Commonwealth,SK Member,1ST,Miñoza,Lyka,Bontuyan,,
2023 - 2026,REGION I,PANGASINAN,SAN CARLOS,Commonwealth,SK Secretary,,Lahoylahoy,Karylle,Muñez,,
2023 - 2026,REGION I,PANGASINAN,SAN CARLOS,Commonwealth,SK Treasurer,,Cabatingan,Christian Mark,Oljol,,
2023 - 2026,REGION I,PANGASINAN,SAN CARLOS,Gubaan,Punong Barangay,1ST,PILAPIL,EDGAR,CLAROS,,
2023 - 2026,REGION I,PANGASINAN,SAN CARLOS,Gubaan,Sangguniang Barangay Member,2ND,DALORA,ARMAND,DAGPIN,,
2023 - 2026,REGION I,PANGASINAN,SAN CARLOS,Gubaan,Sangguniang Barangay Member,1ST,barredo,chrisally,ferolin,,
2023 - 2026,REGION I,PANGASINAN,SAN CARLOS,Gubaan,Sangguniang Barangay Member,2ND,jayme,reyna fe,macalitong,,
2023 - 2026,REGION I,PANGASINAN,SAN CARLOS,Gubaan,Sangguniang Barangay Member,1ST,claros,catalino,pikit,,
2023 - 2026,REGION I,PANGASINAN,SAN CARLOS,Gubaan,Sangguniang Barangay Member,1ST,BALASABAS,RAMIL,MACALITONG,,
2023 - 2026,REGION I,PANGASINAN,SAN CARLOS,Gubaan,Sangguniang Barangay Member,1ST,ENOT,ALBERT,CENIZA,,
2023 - 2026,REGION I,PANGASINAN,SAN CARLOS,Gubaan,Sangguniang Barangay Member,1ST,CLAROS,MELECIO,PIKIT,JR.,
2023 - 2026,REGION I,PANGASINAN,SAN CARLOS,Gubaan,SK Chairperson,1ST,CLAROS,BACUS,,JOHN PAUL,NONE
2023 - 2026,REGION I,PANGASINAN,SAN CARLOS,Gubaan,Barangay Treasurer,,DELA PEÑA,PLACIDO,TANTAN,,
2023 - 2026,REGION I,PANGASINAN,SAN CARLOS,Gubaan,Barangay Secretary,,PEPITO,JANEVI,PALMOSA,,
2023 - 2026,REGION I,PANGASINAN,SAN CARLOS,Gubaan,SK Member,1ST,PILAPIL,CABAHUG,,MELBERT,NONE
2023 - 2026,REGION I,PANGASINAN,SAN CARLOS,Gubaan,SK Member,1ST,TARIMAN,ANGELYN,SABANAL,,NONE
2023 - 2026,REGION I,PANGASINAN,SAN CARLOS,Gubaan,SK Member,1ST,PILAPIL,JOKKO KEAN,JUDAYA,,NONE
2023 - 2026,REGION I,PANGASINAN,SAN CARLOS,Gubaan,SK Member,1ST,LAURETE,HONEYPIE,OPADA,,NONE
2023 - 2026,REGION I,PANGASINAN,SAN CARLOS,Gubaan,SK Member,1ST,MORALES,KIRK IVAN,CASERA,,NONE
2023 - 2026,REGION I,PANGASINAN,SAN CARLOS,Gubaan,SK Member,1ST,CENIZA,YIZHIEN,BARIQUIT,,NONE
2023 - 2026,REGION I,PANGASINAN,SAN CARLOS,Gubaan,SK Member,1ST,PALMOSA,JHON MARK,LUMINGKIT,,NONE
2023 - 2026,REGION I,PANGASINAN,SAN CARLOS,Gubaan,SK Secretary,,TAPIA,RIZEL,SANCHEZ,,NONE
2023 - 2026,REGION I,PANGASINAN,SAN CARLOS,Gubaan,SK Treasurer,,JACINTO,JAY NHEL,PANCHO,,NONE
2023 - 2026,REGION I,PANGASINAN,SAN CARLOS,Inasagan,Punong Barangay,2ND,PIKIT,REYNALDO,ARCHIVAL,,
2023 - 2026,REGION I,PANGASINAN,SAN CARLOS,Inasagan,Sangguniang Barangay Member,1ST,MAGDARA,JESON,AMARO,,
2023 - 2026,REGION I,PANGASINAN,SAN CARLOS,Inasagan,Sangguniang Barangay Member,1ST,ENOT,NIKKO JAY,PIKIT,,
2023 - 2026,REGION I,PANGASINAN,SAN CARLOS,Inasagan,Sangguniang Barangay Member,2ND,OMANDAM,ROGER,CAÑETE,,
2023 - 2026,REGION I,PANGASINAN,SAN CARLOS,Inasagan,Sangguniang Barangay Member,1ST,SUYCANO,OLIMPIA,DURENS,,
2023 - 2026,REGION I,PANGASINAN,SAN CARLOS,Inasagan,Sangguniang Barangay Member,2ND,ALINSUG,EVANGELINE,OBOD,,
2023 - 2026,REGION I,PANGASINAN,SAN CARLOS,Inasagan,Sangguniang Barangay Member,3RD,DOLERO,RICHARD,,,
2023 - 2026,REGION I,PANGASINAN,SAN CARLOS,Inasagan,Sangguniang Barangay Member,1ST,MAGLANGIT,WILFREDO,DELGADO,,
2023 - 2026,REGION I,PANGASINAN,SAN CARLOS,Inasagan,Barangay Treasurer,,CORTES,MARY ANN,PAROJINOG,,
2023 - 2026,REGION I,PANGASINAN,SAN CARLOS,Inasagan,Barangay Secretary,,SUYCANO,ANNAMARIE,DURENS,,
2023 - 2026,REGION I,PANGASINAN,SAN CARLOS,Inroad,Punong Barangay,2ND,DE RODA,ROMULO,ROMANILLES,,0000
2023 - 2026,REGION I,PANGASINAN,SAN CARLOS,Inroad,Sangguniang Barangay Member,2ND,GUMAPON,DOROTHY JOY,ABAT,,0000
2023 - 2026,REGION I,PANGASINAN,SAN CARLOS,Inroad,Sangguniang Barangay Member,3RD,ALCALDE,FLORENCIO,ALIN,JR,
2023 - 2026,REGION I,PANGASINAN,SAN CARLOS,Inroad,Sangguniang Barangay Member,1ST,TRAPILA,DEMISTOCLES,DIMPASO,,
2023 - 2026,REGION I,PANGASINAN,SAN CARLOS,Inroad,Sangguniang Barangay Member,1ST,JAVIER,ELPEDIO,LLENA,,
2023 - 2026,REGION I,PANGASINAN,SAN CARLOS,Inroad,Sangguniang Barangay Member,3RD,DENSING,ROSMAR,ABABA,,
2023 - 2026,REGION I,PANGASINAN,SAN CARLOS,Inroad,Sangguniang Barangay Member,1ST,PARAN,SALOME,MAÑO,,
2023 - 2026,REGION I,PANGASINAN,SAN CARLOS,Inroad,Sangguniang Barangay Member,1ST,TUBAL,NELMA,PAIRAT,,
2023 - 2026,REGION I,PANGASINAN,SAN CARLOS,Inroad,SK Chairperson,1ST,REGINO,JHUNA MAE,BONTUYAN,,
2023 - 2026,REGION I,PANGASINAN,SAN CARLOS,Inroad,Barangay Treasurer,,VILLARUBIA,CHICEL,TIPAC-TIPAC,,0000
2023 - 2026,REGION I,PANGASINAN,SAN CARLOS,Inroad,Barangay Secretary,,BONTUYAN,CRISTITA,LOPEZ,,0000
2023 - 2026,REGION I,PANGASINAN,SAN CARLOS,Inroad,SK Member,1ST,ABABA,DENNIEL,AMARO,,
2023 - 2026,REGION I,PANGASINAN,SAN CARLOS,Inroad,SK Member,1ST,OCAT,EULIBET,PARAN,,
2023 - 2026,REGION I,PANGASINAN,SAN CARLOS,Inroad,SK Member,1ST,BINANDAL,MARK,DEGAMO,,
2023 - 2026,REGION I,PANGASINAN,SAN CARLOS,Inroad,SK Member,1ST,ALVAREZ,AIMIE,ANG-OG,,
2023 - 2026,REGION I,PANGASINAN,SAN CARLOS,Inroad,SK Member,1ST,MANATAD,GERALD,ABABA,,
2023 - 2026,REGION I,PANGASINAN,SAN CARLOS,Inroad,SK Member,1ST,PARAN,JESTERDAN,LIBRERO,,
2023 - 2026,REGION I,PANGASINAN,SAN CARLOS,Inroad,SK Member,1ST,DENSING,JOVEN,BARANGGAN,,
2023 - 2026,REGION I,PANGASINAN,SAN CARLOS,Inroad,SK Secretary,,BALASABAS,GERWIN,ABABA,,
2023 - 2026,REGION I,PANGASINAN,SAN CARLOS,Inroad,SK Treasurer,,TIPAK-TIPAK,RYZA,HIMAGAN,,
2023 - 2026,REGION I,PANGASINAN,SAN CARLOS,Kahayagan East,Punong Barangay,1ST,CENIZA,ZENERESA,DOÑO,,0000
2023 - 2026,REGION I,PANGASINAN,SAN CARLOS,Kahayagan East,Sangguniang Barangay Member,1ST,SAYA-ANG,GENGEN,GARCINES,,0000
2023 - 2026,REGION I,PANGASINAN,SAN CARLOS,Kahayagan East,Sangguniang Barangay Member,1ST,PEPITO,SAMUEL,MAGNO,,0000
2023 - 2026,REGION I,PANGASINAN,SAN CARLOS,Kahayagan East,Sangguniang Barangay Member,2ND,BALDICANTOS,RODEL,TINGTINGAN,,0000
2023 - 2026,REGION I,PANGASINAN,SAN CARLOS,Kahayagan East,Sangguniang Barangay Member,1ST,CABILAO,CHERLIE,DIONSON,,0000
2023 - 2026,REGION I,PANGASINAN,SAN CARLOS,Kahayagan East,Sangguniang Barangay Member,1ST,MAGDADARO,JILWIN,CARACOT,,0000
2023 - 2026,REGION I,PANGASINAN,SAN CARLOS,Kahayagan East,Sangguniang Barangay Member,2ND,BALIOS,GERRY,PERALES,,0000
2023 - 2026,REGION I,PANGASINAN,SAN CARLOS,Kahayagan East,Sangguniang Barangay Member,1ST,MARATA,SANDE,AQUE,,0000
2023 - 2026,REGION I,PANGASINAN,SAN CARLOS,Kahayagan East,SK Chairperson,1ST,MONDAS,SHIENNA,PEPITO,,
2023 - 2026,REGION I,PANGASINAN,SAN CARLOS,Kahayagan East,Barangay Treasurer,,JABAGAT,GENE,PEPITO,,0000
2023 - 2026,REGION I,PANGASINAN,SAN CARLOS,Kahayagan East,Barangay Secretary,,GORRE,MARISSA,PEPITO,,0000
2023 - 2026,REGION I,PANGASINAN,SAN CARLOS,Kahayagan East,SK Member,1ST,YABO,KIZY,PAYOT,,
2023 - 2026,REGION I,PANGASINAN,SAN CARLOS,Kahayagan East,SK Member,1ST,PEPITO,RAZIL,CORTES,,0000
2023 - 2026,REGION I,PANGASINAN,SAN CARLOS,Kahayagan East,SK Member,1ST,JABAGAT,ANGELYN,PEPITO,,0000
2023 - 2026,REGION I,PANGASINAN,SAN CARLOS,Kahayagan East,SK Member,1ST,MABAGA,ERICA,BALIOS,,0000
2023 - 2026,REGION I,PANGASINAN,SAN CARLOS,Kahayagan East,SK Member,1ST,FLORES,JEZRAEL,PONCE,,0000
2023 - 2026,REGION I,PANGASINAN,SAN CARLOS,Kahayagan East,SK Member,1ST,SARINO,JAMES,CENIZA,,0000
2023 - 2026,REGION I,PANGASINAN,SAN CARLOS,Kahayagan East,SK Member,,MANLANGIT,JOHN PAUL,ALBAÑO,,0000
2023 - 2026,REGION I,PANGASINAN,SAN CARLOS,Kahayagan East,SK Secretary,,CENIZA,JUNRY,PEPITO,,0000
2023 - 2026,REGION I,PANGASINAN,SAN CARLOS,Kahayagan East,SK Treasurer,,NERI,DONABEL,BIGNO,,0000
2023 - 2026,REGION I,PANGASINAN,SAN CARLOS,Kahayagan West,Punong Barangay,1ST,LABANGON,VICTORIA,MARTEL,,
2023 - 2026,REGION I,PANGASINAN,SAN CARLOS,Kahayagan West,Sangguniang Barangay Member,2ND,TURCO,HILARIO,DUBERTE,,
2023 - 2026,REGION I,PANGASINAN,SAN CARLOS,Kahayagan West,Sangguniang Barangay Member,2ND,BUGTAY,ALLAN,ROSALEJOS,,
2023 - 2026,REGION I,PANGASINAN,SAN CARLOS,Kahayagan West,Sangguniang Barangay Member,1ST,COCA,FLORENCIO,JUMAWAN,,
2023 - 2026,REGION I,PANGASINAN,SAN CARLOS,Kahayagan West,Sangguniang Barangay Member,1ST,ARVELO,CELIA,BALDICANTOS,,
2023 - 2026,REGION I,PANGASINAN,SAN CARLOS,Kahayagan West,Sangguniang Barangay Member,1ST,PADRO,ELIZABETH,NUÑEZA,,
2023 - 2026,REGION I,PANGASINAN,SAN CARLOS,Kahayagan West,Sangguniang Barangay Member,1ST,RAMOS,AURIA,BALDICANTOS,,
2023 - 2026,REGION I,PANGASINAN,SAN CARLOS,Kahayagan West,Sangguniang Barangay Member,,MAGNO,CONCEPCION,NUÑEZA,,
2023 - 2026,REGION I,PANGASINAN,SAN CARLOS,Kahayagan West,SK Chairperson,1ST,NUÑEZA,OBRE,MAYOL,,
2023 - 2026,REGION I,PANGASINAN,SAN CARLOS,Kahayagan West,Barangay Treasurer,,COCA,KIMBERLY,CABALLERO,,
2023 - 2026,REGION I,PANGASINAN,SAN CARLOS,Kahayagan West,Barangay Secretary,,BORRES,LENIE,VALLEJO,,
2023 - 2026,REGION I,PANGASINAN,SAN CARLOS,Kahayagan West,SK Member,1ST,POPOY,IVAN,PONCE,,
2023 - 2026,REGION I,PANGASINAN,SAN CARLOS,Kahayagan West,SK Member,1ST,BALDICANTOS,KEN JAN,GABATO,,
2023 - 2026,REGION I,PANGASINAN,SAN CARLOS,Kahayagan West,SK Member,1ST,YANGGO,MARK,ASO,,
2023 - 2026,REGION I,PANGASINAN,SAN CARLOS,Kahayagan West,SK Member,1ST,MARTEL,ELIZA GEL,GABATO,,
2023 - 2026,REGION I,PANGASINAN,SAN CARLOS,Kahayagan West,SK Member,1ST,COLONIA,JUNREY,ANDALAO,,
2023 - 2026,REGION I,PANGASINAN,SAN CARLOS,Kahayagan West,SK Member,1ST,MARTEL,KEDJAY,VEGA,,
2023 - 2026,REGION I,PANGASINAN,SAN CARLOS,Kahayagan West,SK Member,1ST,ROMERO,JOBERT,MARTEL,,
2023 - 2026,REGION I,PANGASINAN,SAN CARLOS,Kahayagan West,SK Secretary,,SUMINO,ZAINA JANE,GABATO,,
2023 - 2026,REGION I,PANGASINAN,SAN CARLOS,Kahayagan West,SK Treasurer,,BALDICANTOS,NANETH,BUGTAY,,
2023 - 2026,REGION I,PANGASINAN,SAN CARLOS,Kauswagan,Punong Barangay,1ST,GUIGAYOMA,OWEN,AMARILLO,JR.,
2023 - 2026,REGION I,PANGASINAN,SAN CARLOS,Kauswagan,Sangguniang Barangay Member,1ST,CABALLERO,FLORDELIZ,BAJENTING,,
2023 - 2026,REGION I,PANGASINAN,SAN CARLOS,Kauswagan,Sangguniang Barangay Member,1ST,ABOGADA,GERRY,QUIMBO,,
2023 - 2026,REGION I,PANGASINAN,SAN CARLOS,Kauswagan,Sangguniang Barangay Member,1ST,OBRADAS,MARJO,QUIMBO,,
2023 - 2026,REGION I,PANGASINAN,SAN CARLOS,Kauswagan,Sangguniang Barangay Member,1ST,GUIGAYOMA,BIVERLY,EGAS,,
2023 - 2026,REGION I,PANGASINAN,SAN CARLOS,Kauswagan,Sangguniang Barangay Member,2ND,PARAN,EDUARDO,SEGUE,,
2023 - 2026,REGION I,PANGASINAN,SAN CARLOS,Kauswagan,Sangguniang Barangay Member,1ST,SELIOTEQ,VIVIAN,FUERTES,,
2023 - 2026,REGION I,PANGASINAN,SAN CARLOS,Kauswagan,Sangguniang Barangay Member,1ST,SANTAANA,EDINA,PERIGRINO,,
2023 - 2026,REGION I,PANGASINAN,SAN CARLOS,Kauswagan,SK Chairperson,1ST,AÑOS,RIVE-ANN,HARABAY,,
2023 - 2026,REGION I,PANGASINAN,SAN CARLOS,Kauswagan,Barangay Treasurer,,MISSION,MARTINA,CARWANA,,
2023 - 2026,REGION I,PANGASINAN,SAN CARLOS,Kauswagan,Barangay Secretary,,BONAC,LUCIA,RABACCA,,
2023 - 2026,REGION I,PANGASINAN,SAN CARLOS,Kauswagan,SK Member,1ST,GUIGAYOMA,ROSELUZ,SANCHEZ,,
2023 - 2026,REGION I,PANGASINAN,SAN CARLOS,Kauswagan,SK Member,1ST,GONZAGA,KEITH DWIGHT,GUIGAYOMA,,
2023 - 2026,REGION I,PANGASINAN,SAN CARLOS,Kauswagan,SK Member,1ST,SELIOTE,TOMM VINCENT,FUERTES,,
2023 - 2026,REGION I,PANGASINAN,SAN CARLOS,Kauswagan,SK Member,1ST,FUERTES,JOHN REY,LOMONGO,,
2023 - 2026,REGION I,PANGASINAN,SAN CARLOS,Kauswagan,SK Member,1ST,TEJADA,JE-AR,,,
2023 - 2026,REGION I,PANGASINAN,SAN CARLOS,Kauswagan,SK Member,1ST,VELASCO,EDWIN,OPSIMA,JR.,
2023 - 2026,REGION I,PANGASINAN,SAN CARLOS,Kauswagan,SK Member,1ST,MALONGGO,JONNABELLE,TORNANDIZO,,
2023 - 2026,REGION I,PANGASINAN,SAN CARLOS,Kauswagan,SK Secretary,,ALBALATE,JONALYN,BASCON,,
2023 - 2026,REGION I,PANGASINAN,SAN CARLOS,Kauswagan,SK Treasurer,,CAPUA,RIA MAE,,,
2023 - 2026,REGION I,PANGASINAN,SAN CARLOS,La Paz,Punong Barangay,1ST,Cabalhug,Teofredo,Gerundio,Sr,
2023 - 2026,REGION I,PANGASINAN,SAN CARLOS,La Paz,Sangguniang Barangay Member,1ST,Salmeron,Joel,Vidad,,
2023 - 2026,REGION I,PANGASINAN,SAN CARLOS,La Paz,Sangguniang Barangay Member,3RD,Cabalhug,Dionesio,Gerundio,,
2023 - 2026,REGION I,PANGASINAN,SAN CARLOS,La Paz,Sangguniang Barangay Member,1ST,Jaliga,Ignacia,Judilla,,
2023 - 2026,REGION I,PANGASINAN,SAN CARLOS,La Paz,Sangguniang Barangay Member,3RD,Miculob,Jonevic,Mediana,,
2023 - 2026,REGION I,PANGASINAN,SAN CARLOS,La Paz,Sangguniang Barangay Member,3RD,Marianito,Benjei,Gica,,
2023 - 2026,REGION I,PANGASINAN,SAN CARLOS,La Paz,Sangguniang Barangay Member,1ST,Manco,Rogelio,Batuon,,
2023 - 2026,REGION I,PANGASINAN,SAN CARLOS,La Paz,Sangguniang Barangay Member,1ST,Cabahug,Rosalie,Cabalhug,,
2023 - 2026,REGION I,PANGASINAN,SAN CARLOS,La Paz,SK Chairperson,1ST,Jaliga,Jeson,Saladaga,,
2023 - 2026,REGION I,PANGASINAN,SAN CARLOS,La Paz,Barangay Treasurer,,Manco,Merry Joy,Guevarra,,
2023 - 2026,REGION I,PANGASINAN,SAN CARLOS,La Paz,Barangay Secretary,,Pescador,Liezel,Opada,,
2023 - 2026,REGION I,PANGASINAN,SAN CARLOS,La Paz,SK Member,1ST,Ponce,David Joshua,Erana,,
2023 - 2026,REGION I,PANGASINAN,SAN CARLOS,La Paz,SK Member,1ST,Ceniza,Ralph Stephen,Marianito,,
2023 - 2026,REGION I,PANGASINAN,SAN CARLOS,La Paz,SK Member,1ST,Montermoso,Cristian James,Flores,,
2023 - 2026,REGION I,PANGASINAN,SAN CARLOS,La Paz,SK Member,1ST,Quinco,Patrick Nichole,Lagare,,
2023 - 2026,REGION I,PANGASINAN,SAN CARLOS,La Paz,SK Member,1ST,Cabahug,Rainier Aaron,Opada,,
2023 - 2026,REGION I,PANGASINAN,SAN CARLOS,La Paz,SK Member,1ST,Mag-Aso,Alvin,Amaro,,
2023 - 2026,REGION I,PANGASINAN,SAN CARLOS,La Paz,SK Member,1ST,Arangco,Airyn,Seno,,
2023 - 2026,REGION I,PANGASINAN,SAN CARLOS,La Paz,SK Secretary,,Ceniza,Ariane Mae,Marianito,,
2023 - 2026,REGION I,PANGASINAN,SAN CARLOS,La Paz,SK Treasurer,,Montermoso,Crislyn,Flores,,
2023 - 2026,REGION I,PANGASINAN,SAN CARLOS,La Victoria,Punong Barangay,1ST,MACASLING,ROSITA,RIVERA,,0000
2023 - 2026,REGION I,PANGASINAN,SAN CARLOS,La Victoria,Sangguniang Barangay Member,2ND,UNGRIA,ANALIZA,ROMEO,,0000
2023 - 2026,REGION I,PANGASINAN,SAN CARLOS,La Victoria,Sangguniang Barangay Member,1ST,DUMAPOC,ANTONIO,JOMUAD,,0000
2023 - 2026,REGION I,PANGASINAN,SAN CARLOS,La Victoria,Sangguniang Barangay Member,2ND,DENIEGA,NICARDO,PATINDOL,,0000
2023 - 2026,REGION I,PANGASINAN,SAN CARLOS,La Victoria,Sangguniang Barangay Member,1ST,TAGALOG,GENOVIVA,SALINAS,,0000
2023 - 2026,REGION I,PANGASINAN,SAN CARLOS,La Victoria,Sangguniang Barangay Member,1ST,JAWEL,ELVIRA,DEL ARCO,,0000
2023 - 2026,REGION I,PANGASINAN,SAN CARLOS,La Victoria,Sangguniang Barangay Member,1ST,ROMANILLOS,ANACLETO,FLORES,,0000
2023 - 2026,REGION I,PANGASINAN,SAN CARLOS,La Victoria,Sangguniang Barangay Member,1ST,COLINARES,ROBERTO,COMING,,0000
2023 - 2026,REGION I,PANGASINAN,SAN CARLOS,La Victoria,SK Chairperson,1ST,FLORES,FLOREN CARL,MONTEBON,,0000
2023 - 2026,REGION I,PANGASINAN,SAN CARLOS,La Victoria,Barangay Treasurer,,BOER,MARITES,BRUCE,,0000
2023 - 2026,REGION I,PANGASINAN,SAN CARLOS,La Victoria,Barangay Secretary,,PATIGAYON,MARY ANN,YABOT,,0000
2023 - 2026,REGION I,PANGASINAN,SAN CARLOS,La Victoria,SK Member,1ST,TALLEDO,AIMIE JEAN,MAGLASANG,,0000
2023 - 2026,REGION I,PANGASINAN,SAN CARLOS,La Victoria,SK Member,1ST,SIMBAJON,RYAN,UNGRIA,,0000
2023 - 2026,REGION I,PANGASINAN,SAN CARLOS,La Victoria,SK Member,1ST,CURBO,LADY JANE,MARIO,,0000
2023 - 2026,REGION I,PANGASINAN,SAN CARLOS,La Victoria,SK Member,1ST,CAHINDO,RIZELLE ANNE,BOER,,0000
2023 - 2026,REGION I,PANGASINAN,SAN CARLOS,La Victoria,SK Member,1ST,BOER,VHENGIE MAR,DELA CERNA,,0000
2023 - 2026,REGION I,PANGASINAN,SAN CARLOS,La Victoria,SK Member,1ST,OPORTO,MHEL CARL JAY,CAPAROSO,,0000
2023 - 2026,REGION I,PANGASINAN,SAN CARLOS,La Victoria,SK Member,1ST,SEVILLA,MARY GRACE,ABENOJA,,0000
2023 - 2026,REGION I,PANGASINAN,SAN CARLOS,La Victoria,SK Secretary,,CENIZA,JOHN ALBERT,,,0000
2023 - 2026,REGION I,PANGASINAN,SAN CARLOS,La Victoria,SK Treasurer,,ABENOJA,EDEN,TIBOR,,0000
2023 - 2026,REGION I,PANGASINAN,SAN CARLOS,Lantungan,Punong Barangay,2ND,MENDEZ,ANTONIO,HISOLER,JR.,
2023 - 2026,REGION I,PANGASINAN,SAN CARLOS,Lantungan,Sangguniang Barangay Member,2ND,JAVIER,NESTOR,LLENA,,
2023 - 2026,REGION I,PANGASINAN,SAN CARLOS,Lantungan,Sangguniang Barangay Member,1ST,DURENS,JOHNRYL,GERJNOIO,,
2023 - 2026,REGION I,PANGASINAN,SAN CARLOS,Lantungan,Sangguniang Barangay Member,3RD,JAVIER,DIONESIO,LLENA,,
2023 - 2026,REGION I,PANGASINAN,SAN CARLOS,Lantungan,Sangguniang Barangay Member,1ST,CLAMONTE,ROSALIO,MENDEZ,,
2023 - 2026,REGION I,PANGASINAN,SAN CARLOS,Lantungan,Sangguniang Barangay Member,1ST,MONTALBAN,FLORENO,CABELTE,,
2023 - 2026,REGION I,PANGASINAN,SAN CARLOS,Lantungan,Sangguniang Barangay Member,1ST,LABITAD,FELIX,LABORTE,,
2023 - 2026,REGION I,PANGASINAN,SAN CARLOS,Lantungan,Sangguniang Barangay Member,1ST,romanillos,marilyn,saganay,,
2023 - 2026,REGION I,PANGASINAN,SAN CARLOS,Lantungan,SK Chairperson,1ST,gerundio,arlfred jhun,lugo,,
2023 - 2026,REGION I,PANGASINAN,SAN CARLOS,Lantungan,Barangay Treasurer,,tanudra,rene,ventic,,
2023 - 2026,REGION I,PANGASINAN,SAN CARLOS,Lantungan,Barangay Secretary,,OYANIB,EDNA MAURECIA,LIM,,
2023 - 2026,REGION I,PANGASINAN,SAN CARLOS,Libertad,Punong Barangay,1ST,MASCUAL,ROMEL,MARTEL,,NONE
2023 - 2026,REGION I,PANGASINAN,SAN CARLOS,Libertad,Sangguniang Barangay Member,2ND,MALABO,ROEL,MASCUAL,,NONE
2023 - 2026,REGION I,PANGASINAN,SAN CARLOS,Libertad,Sangguniang Barangay Member,2ND,TANUDRA,JESSREL,DELOS REYES,,NONE
2023 - 2026,REGION I,PANGASINAN,SAN CARLOS,Libertad,Sangguniang Barangay Member,1ST,GUMABRAS,FERNANDO,SISICAN,,NONE
2023 - 2026,REGION I,PANGASINAN,SAN CARLOS,Libertad,Sangguniang Barangay Member,3RD,ORONG,RINO,OKTOBRE,,NONE
2023 - 2026,REGION I,PANGASINAN,SAN CARLOS,Libertad,Sangguniang Barangay Member,1ST,MASCUAL,RONALD,ENGLIS,,NONE
2023 - 2026,REGION I,PANGASINAN,SAN CARLOS,Libertad,Sangguniang Barangay Member,1ST,FALLA,EMMANUEL,GERONA,,NONE
2023 - 2026,REGION I,PANGASINAN,SAN CARLOS,Libertad,Sangguniang Barangay Member,1ST,FRANCO,CIRILO,ENGLISA,,NONE
2023 - 2026,REGION I,PANGASINAN,SAN CARLOS,Libertad,SK Chairperson,1ST,SONGCAL,LADY ANGEL,SOLON,,NONE
2023 - 2026,REGION I,PANGASINAN,SAN CARLOS,Libertad,Barangay Treasurer,,DELA PEÑA,EMELDA,CALING,,NONE
2023 - 2026,REGION I,PANGASINAN,SAN CARLOS,Libertad,Barangay Secretary,,AGUILAR,BIENVENIDA,BUENAVISTA,,NONE
2023 - 2026,REGION I,PANGASINAN,SAN CARLOS,Libertad,SK Member,1ST,DELOS REYES,DEXTER,ENGLIS,,NONE
2023 - 2026,REGION I,PANGASINAN,SAN CARLOS,Libertad,SK Member,1ST,BASILGO,ANGELICA,TAMPOS,,NONE
2023 - 2026,REGION I,PANGASINAN,SAN CARLOS,Libertad,SK Member,1ST,MERIN,JHON LLOYD,TUBIANO,,NONE
2023 - 2026,REGION I,PANGASINAN,SAN CARLOS,Libertad,SK Member,1ST,AGLIPARIA,JESSON,MENDOZA,,NONE
2023 - 2026,REGION I,PANGASINAN,SAN CARLOS,Libertad,SK Member,1ST,MASCUAL,HONEY ROSE,MAYOL,,NONE
2023 - 2026,REGION I,PANGASINAN,SAN CARLOS,Libertad,SK Member,1ST,FALLA,JASHLEY JANE,OPO,,NONE
2023 - 2026,REGION I,PANGASINAN,SAN CARLOS,Libertad,SK Member,1ST,BOROY,HARDY THOMAS,LABRAGUE,,NONE
2023 - 2026,REGION I,PANGASINAN,SAN CARLOS,Libertad,SK Secretary,,OPO,NOVEE,JAMERO,,NONE
2023 - 2026,REGION I,PANGASINAN,SAN CARLOS,Libertad,SK Treasurer,,ARABIS,LAWRENCE,PEDRANO,,NONE
2023 - 2026,REGION I,PANGASINAN,SAN CARLOS,Lintugop,Punong Barangay,2ND,DELES,WILMER,GONZALES,,
2023 - 2026,REGION I,PANGASINAN,SAN CARLOS,Lintugop,Sangguniang Barangay Member,1ST,GUMAHAD,WELLIE,ACUÑA,,
2023 - 2026,REGION I,PANGASINAN,SAN CARLOS,Lintugop,Sangguniang Barangay Member,2ND,MANCO,EFREN,ROBLE,,
2023 - 2026,REGION I,PANGASINAN,SAN CARLOS,Lintugop,Sangguniang Barangay Member,1ST,BERENGUER,ALINOR,LLABAN,,
2023 - 2026,REGION I,PANGASINAN,SAN CARLOS,Lintugop,Sangguniang Barangay Member,1ST,MANCO,ALGEN,BOLLENO,,
2023 - 2026,REGION I,PANGASINAN,SAN CARLOS,Lintugop,Sangguniang Barangay Member,1ST,TUDTUD,GUILLERMA,MANIGOS,,
2023 - 2026,REGION I,PANGASINAN,SAN CARLOS,Lintugop,Sangguniang Barangay Member,1ST,CONEJOS,ELENITA,ZAMORA,,
2023 - 2026,REGION I,PANGASINAN,SAN CARLOS,Lintugop,Sangguniang Barangay Member,1ST,DELES,FLORENCIO,GONZALES,JR.,
2023 - 2026,REGION I,PANGASINAN,SAN CARLOS,Lintugop,SK Chairperson,1ST,SOCAYRE,DIANNE,BARREDO,,
2023 - 2026,REGION I,PANGASINAN,SAN CARLOS,Lintugop,Barangay Treasurer,,SANTAMINA,HELEN,PANERIO,,
2023 - 2026,REGION I,PANGASINAN,SAN CARLOS,Lintugop,Barangay Secretary,,MAKIG-ANGAY,EMMA BELEN,CABUSAS,,
2023 - 2026,REGION I,PANGASINAN,SAN CARLOS,Lintugop,SK Member,1ST,COLE,ROSESHELL,MAKIG-ANGAY,,
2023 - 2026,REGION I,PANGASINAN,SAN CARLOS,Lintugop,SK Member,1ST,DEFITA,ROEN,MANCO,,
2023 - 2026,REGION I,PANGASINAN,SAN CARLOS,Lintugop,SK Member,1ST,CENIZA,CHAINA,TANO,,
2023 - 2026,REGION I,PANGASINAN,SAN CARLOS,Lintugop,SK Member,1ST,TANO,DANIA,BAIR,,
2023 - 2026,REGION I,PANGASINAN,SAN CARLOS,Lintugop,SK Member,1ST,CONEJOS,ANGELITA,ZAMORA,,
2023 - 2026,REGION I,PANGASINAN,SAN CARLOS,Lintugop,SK Member,1ST,QUINCO,JAMSON,HERNANE,,
2023 - 2026,REGION I,PANGASINAN,SAN CARLOS,Lintugop,SK Member,1ST,RONDA,YRRECH,BUTOHAN,,
2023 - 2026,REGION I,PANGASINAN,SAN CARLOS,Lintugop,SK Secretary,,DEFITA,RONNA,MANCO,,
2023 - 2026,REGION I,PANGASINAN,SAN CARLOS,Lintugop,SK Treasurer,,ANGCAP,MARY CRIS,LAGARE,,
2023 - 2026,REGION I,PANGASINAN,SAN CARLOS,Lubid,Punong Barangay,1ST,BETACURA,VICTORIO,LIGUTOM,,0000
2023 - 2026,REGION I,PANGASINAN,SAN CARLOS,Lubid,Sangguniang Barangay Member,1ST,HENSON,RICHARD,LOGDONIO,,0000
2023 - 2026,REGION I,PANGASINAN,SAN CARLOS,Lubid,Sangguniang Barangay Member,1ST,MONSULLER,ROSELA,EMPA,,0000
2023 - 2026,REGION I,PANGASINAN,SAN CARLOS,Lubid,Sangguniang Barangay Member,3RD,MERIDA,MECHAEL,JAYME,,0000
2023 - 2026,REGION I,PANGASINAN,SAN CARLOS,Lubid,Sangguniang Barangay Member,1ST,GECOMO,AILEEN,ALJAS,,0000
2023 - 2026,REGION I,PANGASINAN,SAN CARLOS,Lubid,Sangguniang Barangay Member,1ST,SAAVEDRA,LIZA,DAGWAYAN,,0000
2023 - 2026,REGION I,PANGASINAN,SAN CARLOS,Lubid,Sangguniang Barangay Member,1ST,DAYAO,FRANKLYN,MIRAL,,00000
2023 - 2026,REGION I,PANGASINAN,SAN CARLOS,Lubid,Sangguniang Barangay Member,3RD,CLAMONTE,GENARO,LUNOR,,0000
2023 - 2026,REGION I,PANGASINAN,SAN CARLOS,Lubid,SK Chairperson,1ST,DUTOSME,BEN,PENONSAN,,0000
2023 - 2026,REGION I,PANGASINAN,SAN CARLOS,Lubid,Barangay Treasurer,,LUMACTOD,BEBIE,APONDA,,
2023 - 2026,REGION I,PANGASINAN,SAN CARLOS,Lubid,Barangay Secretary,,DAG-UMAN,ANNIE VIE,SOTIS,,0000
2023 - 2026,REGION I,PANGASINAN,SAN CARLOS,Lubid,SK Member,1ST,BATION,SHERLYN MAE,ESTELA,,0000
2023 - 2026,REGION I,PANGASINAN,SAN CARLOS,Lubid,SK Member,1ST,MONSULLER,DAIREL,CADUNGOG,,0000
2023 - 2026,REGION I,PANGASINAN,SAN CARLOS,Lubid,SK Member,1ST,LAMESA,VICENT JOHN,LOGDONIO,,0000
2023 - 2026,REGION I,PANGASINAN,SAN CARLOS,Lubid,SK Member,1ST,CABATINGAN,CHIRSTIAN LLOID,SALADAGA,,0000
2023 - 2026,REGION I,PANGASINAN,SAN CARLOS,Lubid,SK Member,1ST,DIANO,JHONLESTER,SASING,,0000
2023 - 2026,REGION I,PANGASINAN,SAN CARLOS,Lubid,SK Member,1ST,BASADRE,LUCY MARY,TIGOY,,0000
2023 - 2026,REGION I,PANGASINAN,SAN CARLOS,Lubid,SK Member,1ST,DESIERTO,JUNEJIE,MONSULLER,,0000
2023 - 2026,REGION I,PANGASINAN,SAN CARLOS,Lubid,SK Secretary,,LAMESA,MELANIE,LOGDONIO,,0000
2023 - 2026,REGION I,PANGASINAN,SAN CARLOS,Lubid,SK Treasurer,,MONSULLER,JIESZLE,ORDANIZA,,0000
2023 - 2026,REGION I,PANGASINAN,SAN CARLOS,Maguikay,Punong Barangay,1ST,CABUGUAS,ENRIQUE,MONERA,,NONE
2023 - 2026,REGION I,PANGASINAN,SAN CARLOS,Maguikay,Sangguniang Barangay Member,2ND,CURBO,ERICK,BUGTAY,,NONE
2023 - 2026,REGION I,PANGASINAN,SAN CARLOS,Maguikay,Sangguniang Barangay Member,1ST,ARCEO,ARSELITO,JAYME,,NONE
2023 - 2026,REGION I,PANGASINAN,SAN CARLOS,Maguikay,Sangguniang Barangay Member,1ST,TACOLY,GLENSON,CLAMONTE,,NONE
2023 - 2026,REGION I,PANGASINAN,SAN CARLOS,Maguikay,Sangguniang Barangay Member,1ST,PLACIO,HENBER,JUAREZ,,NONE
2023 - 2026,REGION I,PANGASINAN,SAN CARLOS,Maguikay,Sangguniang Barangay Member,1ST,BUGTAY,MERLYN,SUDARIA,,NONE
2023 - 2026,REGION I,PANGASINAN,SAN CARLOS,Maguikay,Sangguniang Barangay Member,2ND,MENDEZ,FAUSTOI,DAGWAYAN,,NONE
2023 - 2026,REGION I,PANGASINAN,SAN CARLOS,Maguikay,Sangguniang Barangay Member,1ST,JUTBA,JOHN MERWIN,ORLANES,,NONE
2023 - 2026,REGION I,PANGASINAN,SAN CARLOS,Maguikay,SK Chairperson,1ST,BUGTAY,CHRISTINE LOUIE,,,NONE
2023 - 2026,REGION I,PANGASINAN,SAN CARLOS,Maguikay,Barangay Treasurer,,FLORES,AIZA,BAJAO,,NONE
2023 - 2026,REGION I,PANGASINAN,SAN CARLOS,Maguikay,Barangay Secretary,,ORLANES,LOIDA,DIGANG,,NONE
2023 - 2026,REGION I,PANGASINAN,SAN CARLOS,Maguikay,SK Member,1ST,REGIS,CHERYL,BUGTAY,,NONE
2023 - 2026,REGION I,PANGASINAN,SAN CARLOS,Maguikay,SK Member,2ND,BUGTAY,LYKA,CENIZA,,NONE
2023 - 2026,REGION I,PANGASINAN,SAN CARLOS,Maguikay,SK Member,1ST,ARCEO,MARFE JANE,OBOD,,NONE
2023 - 2026,REGION I,PANGASINAN,SAN CARLOS,Maguikay,SK Member,1ST,MIÑOZA,LOVELY MAE,BONTILAO,,NONE
2023 - 2026,REGION I,PANGASINAN,SAN CARLOS,Maguikay,SK Member,1ST,SANTANDER,JUVELYN,RETUERTO,,NONE
2023 - 2026,REGION I,PANGASINAN,SAN CARLOS,Maguikay,SK Member,1ST,PLACIO,JULIBER,ENOC,,NONE
2023 - 2026,REGION I,PANGASINAN,SAN CARLOS,Maguikay,SK Member,1ST,ESLIT,CATHERINE,SANCHEZ,,NONE
2023 - 2026,REGION I,PANGASINAN,SAN CARLOS,Maguikay,SK Secretary,,SUSUSCO,ANN,PLACIO,,NONE
2023 - 2026,REGION I,PANGASINAN,SAN CARLOS,Maguikay,SK Treasurer,,ADESER,APRIL GENFE,TAPI-ON,,NONE
2023 - 2026,REGION I,PANGASINAN,SAN CARLOS,Mahayahay,Punong Barangay,1ST,DURANGPARANG,RAMIL,ROMARATE,,
2023 - 2026,REGION I,PANGASINAN,SAN CARLOS,Mahayahay,Sangguniang Barangay Member,2ND,CADUTDUT,ALONA,TARIMAN,,
2023 - 2026,REGION I,PANGASINAN,SAN CARLOS,Mahayahay,Sangguniang Barangay Member,1ST,SEMENSE,NOEL,,,
2023 - 2026,REGION I,PANGASINAN,SAN CARLOS,Mahayahay,Sangguniang Barangay Member,3RD,GABAO,LYZEL,DELOS REYES,,
2023 - 2026,REGION I,PANGASINAN,SAN CARLOS,Mahayahay,Sangguniang Barangay Member,2ND,QUINTO,JUNREY,MASCUAL,,
2023 - 2026,REGION I,PANGASINAN,SAN CARLOS,Mahayahay,Sangguniang Barangay Member,2ND,sumicao,perla,barredo,,
2023 - 2026,REGION I,PANGASINAN,SAN CARLOS,Mahayahay,Sangguniang Barangay Member,1ST,tariman,ritchelle,canoog,,
2023 - 2026,REGION I,PANGASINAN,SAN CARLOS,Mahayahay,Sangguniang Barangay Member,1ST,judilla,sulita,cabalhug,,
2023 - 2026,REGION I,PANGASINAN,SAN CARLOS,Mahayahay,SK Chairperson,1ST,PITOGO,RAYMART,JUMARITO,,
2023 - 2026,REGION I,PANGASINAN,SAN CARLOS,Mahayahay,Barangay Treasurer,,PARANTAR,GRACE,PILAPIL,,
2023 - 2026,REGION I,PANGASINAN,SAN CARLOS,Mahayahay,Barangay Secretary,,SABANAL,AIZA,CODENIERA,,
2023 - 2026,REGION I,PANGASINAN,SAN CARLOS,Mahayahay,SK Member,1ST,pelorina,karl kevin,puerto,,
2023 - 2026,REGION I,PANGASINAN,SAN CARLOS,Mahayahay,SK Member,1ST,jovilla,harold james,quinto,,
2023 - 2026,REGION I,PANGASINAN,SAN CARLOS,Mahayahay,SK Member,1ST,rabor,ruel,gabao,,
2023 - 2026,REGION I,PANGASINAN,SAN CARLOS,Mahayahay,SK Member,1ST,simbajon,larry,engracia,,
2023 - 2026,REGION I,PANGASINAN,SAN CARLOS,Mahayahay,SK Member,1ST,canoog,roxan,cantila,,
2023 - 2026,REGION I,PANGASINAN,SAN CARLOS,Mahayahay,SK Member,1ST,arusa,ivy joy,durangparang,,
2023 - 2026,REGION I,PANGASINAN,SAN CARLOS,Mahayahay,SK Member,1ST,tariman,janelle,penaso,,
2023 - 2026,REGION I,PANGASINAN,SAN CARLOS,Mahayahay,SK Secretary,,medavillo,ariel,rada,,
2023 - 2026,REGION I,PANGASINAN,SAN CARLOS,Mahayahay,SK Treasurer,,gabao,lady grace,delos reyes,,
2023 - 2026,REGION I,PANGASINAN,SAN CARLOS,Monte Alegre,Punong Barangay,1ST,MANALIM,JOSE,MAGSAYO,,
2023 - 2026,REGION I,PANGASINAN,SAN CARLOS,Monte Alegre,Sangguniang Barangay Member,2ND,LANGAM,ROMIE,DIATE,,0000
2023 - 2026,REGION I,PANGASINAN,SAN CARLOS,Monte Alegre,Sangguniang Barangay Member,1ST,ARCHUA,IKEE,DIATE,,
2023 - 2026,REGION I,PANGASINAN,SAN CARLOS,Monte Alegre,Sangguniang Barangay Member,1ST,MANALIM,JOCELYN,OPLE,,0000
2023 - 2026,REGION I,PANGASINAN,SAN CARLOS,Monte Alegre,Sangguniang Barangay Member,2ND,CODENIERA,RALPH,VANGUARDIA,,0000
2023 - 2026,REGION I,PANGASINAN,SAN CARLOS,Monte Alegre,Sangguniang Barangay Member,1ST,MANALIM,NOEL,ENOT,,0000
2023 - 2026,REGION I,PANGASINAN,SAN CARLOS,Monte Alegre,Sangguniang Barangay Member,,MAGDADARO,GLEEN,MANALIM,,
2023 - 2026,REGION I,PANGASINAN,SAN CARLOS,Monte Alegre,Sangguniang Barangay Member,3RD,SOLON,MARISSA,ESTALLO,,
2023 - 2026,REGION I,PANGASINAN,SAN CARLOS,Monte Alegre,SK Chairperson,1ST,CANTALEJO,GENECAR,BUGTAI,,0000
2023 - 2026,REGION I,PANGASINAN,SAN CARLOS,Monte Alegre,Barangay Treasurer,,MACARIOLA,GENALYN,APUYA,,
2023 - 2026,REGION I,PANGASINAN,SAN CARLOS,Monte Alegre,Barangay Secretary,,ROQUE,HONEY MAE,VALDEZ,,
2023 - 2026,REGION I,PANGASINAN,SAN CARLOS,Monte Alegre,SK Member,1ST,SOLON,JAMES CLIFFORD,ESTALLO,,0000
2023 - 2026,REGION I,PANGASINAN,SAN CARLOS,Monte Alegre,SK Member,1ST,PAYUSAN,DARELL,CUAJAO,,0000
2023 - 2026,REGION I,PANGASINAN,SAN CARLOS,Monte Alegre,SK Member,1ST,SUNGAHID,JULAICA WELLA,ROSAL,,0000
2023 - 2026,REGION I,PANGASINAN,SAN CARLOS,Monte Alegre,SK Member,1ST,SALID,GENELYN,OPLE,,0000
2023 - 2026,REGION I,PANGASINAN,SAN CARLOS,Monte Alegre,SK Member,1ST,OPLE,JOVEN,ADOLFO,,0000
2023 - 2026,REGION I,PANGASINAN,SAN CARLOS,Monte Alegre,SK Member,1ST,BONTILAO,MARIEH TRIXIE NORVEB,CLAMONTE,,0000
2023 - 2026,REGION I,PANGASINAN,SAN CARLOS,Monte Alegre,SK Member,1ST,MANALIM,JESSRYL,APOR,,0000
2023 - 2026,REGION I,PANGASINAN,SAN CARLOS,Monte Alegre,SK Secretary,,TAGBO,QUEENE FAITH,VILLABELEZ,,0000
2023 - 2026,REGION I,PANGASINAN,SAN CARLOS,Monte Alegre,SK Treasurer,,OFONDA,JUVELYN,BATION,,0000
2023 - 2026,REGION I,PANGASINAN,SAN CARLOS,Montela,Punong Barangay,2ND,OPORTO,MERCEDITA,GALEOS,,
2023 - 2026,REGION I,PANGASINAN,SAN CARLOS,Montela,Sangguniang Barangay Member,2ND,CABELLON,JELITO,MONTO,,
2023 - 2026,REGION I,PANGASINAN,SAN CARLOS,Montela,Sangguniang Barangay Member,3RD,ALIVIO,EVELYN,BACONG,,
2023 - 2026,REGION I,PANGASINAN,SAN CARLOS,Montela,Sangguniang Barangay Member,2ND,BORDALBA,AMADA,MONTERO,,
2023 - 2026,REGION I,PANGASINAN,SAN CARLOS,Montela,Sangguniang Barangay Member,1ST,DAMPOR,COSME,YUNGOD,,
2023 - 2026,REGION I,PANGASINAN,SAN CARLOS,Montela,Sangguniang Barangay Member,1ST,SUNDO,JAIME,ARSUA,,
2023 - 2026,REGION I,PANGASINAN,SAN CARLOS,Montela,Sangguniang Barangay Member,1ST,BAJAO,GARRY,TUADLES,,
2023 - 2026,REGION I,PANGASINAN,SAN CARLOS,Montela,Sangguniang Barangay Member,1ST,BUNAL,JUPITER,PILAPIL,,
2023 - 2026,REGION I,PANGASINAN,SAN CARLOS,Montela,SK Chairperson,1ST,CANLOM,RASHID,TUBIO,,
2023 - 2026,REGION I,PANGASINAN,SAN CARLOS,Montela,Barangay Treasurer,,SUMALPONG,ALOJA MAE,CAHANAP,,
2023 - 2026,REGION I,PANGASINAN,SAN CARLOS,Montela,Barangay Secretary,,DELA PEÑA,BENITA,TEJAMO,,
2023 - 2026,REGION I,PANGASINAN,SAN CARLOS,Napo,Punong Barangay,1ST,ABONG,CONCEPCION,DURANGPARANG,,
2023 - 2026,REGION I,PANGASINAN,SAN CARLOS,Napo,Sangguniang Barangay Member,,TUBAL,LIBERT,MIG,,
2023 - 2026,REGION I,PANGASINAN,SAN CARLOS,Napo,Sangguniang Barangay Member,1ST,ENRIQUEZ,ALMA,M.,,
2023 - 2026,REGION I,PANGASINAN,SAN CARLOS,Napo,Sangguniang Barangay Member,1ST,MACRA,MARIA GELEN,BARIÑAN,,
2023 - 2026,REGION I,PANGASINAN,SAN CARLOS,Napo,Sangguniang Barangay Member,2ND,tubal,sanclerino,malabon,,
2023 - 2026,REGION I,PANGASINAN,SAN CARLOS,Napo,Sangguniang Barangay Member,1ST,DURANGPARANG,lauro,tubal,,
2023 - 2026,REGION I,PANGASINAN,SAN CARLOS,Napo,Sangguniang Barangay Member,1ST,PABROA,CENON,ARIOLA,,
2023 - 2026,REGION I,PANGASINAN,SAN CARLOS,Napo,Sangguniang Barangay Member,1ST,MACRA,ROSALINDA,FERNANDO,,
2023 - 2026,REGION I,PANGASINAN,SAN CARLOS,Napo,SK Chairperson,1ST,ABABA,FEDEMAR,BARANGGAN,,
2023 - 2026,REGION I,PANGASINAN,SAN CARLOS,Napo,Barangay Treasurer,,BUTOHAN,NIECTZCHIE,MACRA,,
2023 - 2026,REGION I,PANGASINAN,SAN CARLOS,Napo,Barangay Secretary,,ABABA,EMMA,BARANGGAN,,
2023 - 2026,REGION I,PANGASINAN,SAN CARLOS,Napo,SK Member,1ST,SALVACION,JEMUEL,ENAJADA,,
2023 - 2026,REGION I,PANGASINAN,SAN CARLOS,Napo,SK Member,1ST,SALVACION,JUNEL,ENAJADA,,
2023 - 2026,REGION I,PANGASINAN,SAN CARLOS,Napo,SK Member,1ST,SUZON,DARREN JADE,BARANGGAN,,
2023 - 2026,REGION I,PANGASINAN,SAN CARLOS,Napo,SK Member,1ST,BARANGGAN,CARL STEPHEN,,,
2023 - 2026,REGION I,PANGASINAN,SAN CARLOS,Napo,SK Member,1ST,PABROA,KIMBERLY,VILLA,,
2023 - 2026,REGION I,PANGASINAN,SAN CARLOS,Napo,SK Member,1ST,REBUTAZO,MELVE JEAN,GANDINGON,,
2023 - 2026,REGION I,PANGASINAN,SAN CARLOS,Napo,SK Member,1ST,PAIRAT,ROSALES,TUBAL,,
2023 - 2026,REGION I,PANGASINAN,SAN CARLOS,Napo,SK Secretary,,COLIS,GRACE MAE,ABONG,,
2023 - 2026,REGION I,PANGASINAN,SAN CARLOS,Napo,SK Treasurer,,ABONG,JUNNICK,DURANGPARANG,,
2023 - 2026,REGION I,PANGASINAN,SAN CARLOS,Panaghiusa,Punong Barangay,2ND,Velasco,Oliver,Lahoylahoy,,
2023 - 2026,REGION I,PANGASINAN,SAN CARLOS,Panaghiusa,Sangguniang Barangay Member,3RD,Ungria,Imelda,Vasaylaje,,
2023 - 2026,REGION I,PANGASINAN,SAN CARLOS,Panaghiusa,Sangguniang Barangay Member,2ND,Yrauda,Veronico,Elesio,,
2023 - 2026,REGION I,PANGASINAN,SAN CARLOS,Panaghiusa,Sangguniang Barangay Member,3RD,Deniega,Alejandro,Panndol,,
2023 - 2026,REGION I,PANGASINAN,SAN CARLOS,Panaghiusa,Sangguniang Barangay Member,2ND,Copta,Rex,Pajente,,
2023 - 2026,REGION I,PANGASINAN,SAN CARLOS,Panaghiusa,Sangguniang Barangay Member,3RD,Dagamac,Mary Fe,Pajente,,
2023 - 2026,REGION I,PANGASINAN,SAN CARLOS,Panaghiusa,Sangguniang Barangay Member,1ST,Sanchez,Armando,Orlanes,,
2023 - 2026,REGION I,PANGASINAN,SAN CARLOS,Panaghiusa,Sangguniang Barangay Member,1ST,Mora,Erlindo,Bustillo,,
2023 - 2026,REGION I,PANGASINAN,SAN CARLOS,Panaghiusa,SK Chairperson,1ST,MABANO,RIEL,TANO,,
2023 - 2026,REGION I,PANGASINAN,SAN CARLOS,Panaghiusa,Barangay Treasurer,,Ruiles,Agnes,Cabatingan,,
2023 - 2026,REGION I,PANGASINAN,SAN CARLOS,Panaghiusa,Barangay Secretary,,Serapin,Catherine,Trazona,,
2023 - 2026,REGION I,PANGASINAN,SAN CARLOS,Panaghiusa,SK Member,1ST,PALABON,ERIN REM,BORRES,,
2023 - 2026,REGION I,PANGASINAN,SAN CARLOS,Panaghiusa,SK Member,1ST,BOOC,LYNETTE,MONTANO,,
2023 - 2026,REGION I,PANGASINAN,SAN CARLOS,Panaghiusa,SK Member,1ST,COSIDO,JOSHUA,QUINCO,,
2023 - 2026,REGION I,PANGASINAN,SAN CARLOS,Panaghiusa,SK Member,1ST,COCHOCO,JAY-AR,CABATINGAN,,
2023 - 2026,REGION I,PANGASINAN,SAN CARLOS,Panaghiusa,SK Member,2ND,BUSTILLO,JAY,MORA,,
2023 - 2026,REGION I,PANGASINAN,SAN CARLOS,Panaghiusa,SK Member,1ST,VILLA,JECEL,VASAYLAJE,,
2023 - 2026,REGION I,PANGASINAN,SAN CARLOS,Panaghiusa,SK Member,1ST,GODINEZ,DARICE,JUMUAD,,
2023 - 2026,REGION I,PANGASINAN,SAN CARLOS,Panaghiusa,SK Secretary,,palabon,evita,borres,,
2023 - 2026,REGION I,PANGASINAN,SAN CARLOS,Panaghiusa,SK Treasurer,,CABATINGAN,JEANIF,DELA CRUZ,,
2023 - 2026,REGION I,PANGASINAN,SAN CARLOS,Poblacion,Punong Barangay,1ST,CENIZA,MARK ANTONY,MAYOL,,
2023 - 2026,REGION I,PANGASINAN,SAN CARLOS,Poblacion,Sangguniang Barangay Member,2ND,ALASTRA,CESAR IAN,PAYOPANIN,,
2023 - 2026,REGION I,PANGASINAN,SAN CARLOS,Poblacion,Sangguniang Barangay Member,1ST,AGUILAR,QUERUBE,ALISOSO,,
2023 - 2026,REGION I,PANGASINAN,SAN CARLOS,Poblacion,Sangguniang Barangay Member,2ND,SOON,ZANDRO,CENIZA,,
2023 - 2026,REGION I,PANGASINAN,SAN CARLOS,Poblacion,Sangguniang Barangay Member,3RD,AUMAN,ROY,CENIZA,,
2023 - 2026,REGION I,PANGASINAN,SAN CARLOS,Poblacion,Sangguniang Barangay Member,1ST,CODENIERA,MARIUS,PILAPIL,,
2023 - 2026,REGION I,PANGASINAN,SAN CARLOS,Poblacion,Sangguniang Barangay Member,1ST,CENIZA,AARA MAE,CAYONA,,
2023 - 2026,REGION I,PANGASINAN,SAN CARLOS,Poblacion,Sangguniang Barangay Member,2ND,REDELOSA,NANETTE,ALIVIO,,
2023 - 2026,REGION I,PANGASINAN,SAN CARLOS,Poblacion,Barangay Treasurer,,CABUSAS,EIMAH,ALGAROME,,
2023 - 2026,REGION I,PANGASINAN,SAN CARLOS,Poblacion,Barangay Secretary,,BANAAG,VIRGINIA,SANIAO,,
2023 - 2026,REGION I,PANGASINAN,SAN CARLOS,Poblacion,SK Member,1ST,CABATINGAN,ZILONY PEARL,ONDIANO,,
2023 - 2026,REGION I,PANGASINAN,SAN CARLOS,Poblacion,SK Member,1ST,JOMUAD,IVAN,,,
2023 - 2026,REGION I,PANGASINAN,SAN CARLOS,Poblacion,SK Member,1ST,LUAGUE,FP JAY,IWAY,,
2023 - 2026,REGION I,PANGASINAN,SAN CARLOS,Poblacion,SK Member,1ST,PEPITO,DAVE ANDREW,LEMOSNERO,,
2023 - 2026,REGION I,PANGASINAN,SAN CARLOS,Poblacion,SK Member,1ST,ZANORIA,JOHN LLYOD,,,
2023 - 2026,REGION I,PANGASINAN,SAN CARLOS,Resthouse,Punong Barangay,2ND,OPLE,ROLAN,OROT,SR,0000
2023 - 2026,REGION I,PANGASINAN,SAN CARLOS,Resthouse,Sangguniang Barangay Member,3RD,BONGGO,JOMAR,LLORAG,,0000
2023 - 2026,REGION I,PANGASINAN,SAN CARLOS,Resthouse,Sangguniang Barangay Member,2ND,VENTIC,ROGER,ARENA,,0000
2023 - 2026,REGION I,PANGASINAN,SAN CARLOS,Resthouse,Sangguniang Barangay Member,1ST,JUEZAN,NEILVIN,ARENA,,0000
2023 - 2026,REGION I,PANGASINAN,SAN CARLOS,Resthouse,Sangguniang Barangay Member,2ND,SARAGENA,EDGAR,VENTIC,,0000
2023 - 2026,REGION I,PANGASINAN,SAN CARLOS,Resthouse,Sangguniang Barangay Member,3RD,LAMBAYAN,ARNEL,PEFANIA,,0000
2023 - 2026,REGION I,PANGASINAN,SAN CARLOS,Resthouse,Sangguniang Barangay Member,1ST,DURENS,GERARDO,PLAZA,,0000
2023 - 2026,REGION I,PANGASINAN,SAN CARLOS,Resthouse,Sangguniang Barangay Member,3RD,TUBAL,ISIDRO,PAROILO,,0000
2023 - 2026,REGION I,PANGASINAN,SAN CARLOS,Resthouse,SK Chairperson,1ST,BOBO,FEBBIE,BONTILAO,,
2023 - 2026,REGION I,PANGASINAN,SAN CARLOS,Resthouse,Barangay Treasurer,,JUEZAN,JOCELYN,BONBON,,0000
2023 - 2026,REGION I,PANGASINAN,SAN CARLOS,Resthouse,Barangay Secretary,,ALBONIAN,NERISSA,COMAR,,0000
2023 - 2026,REGION I,PANGASINAN,SAN CARLOS,Resthouse,SK Member,1ST,CABALLES,SUNDAY,DURENS,,
2023 - 2026,REGION I,PANGASINAN,SAN CARLOS,Resthouse,SK Member,1ST,CLAMONTE,JESSIE,ESPARCIA,,
2023 - 2026,REGION I,PANGASINAN,SAN CARLOS,Resthouse,SK Member,1ST,DELOSO,FRANKLIN,MEDINA,JR,
2023 - 2026,REGION I,PANGASINAN,SAN CARLOS,Resthouse,SK Member,1ST,MALICAY,JANELYN,TUBIO,,
2023 - 2026,REGION I,PANGASINAN,SAN CARLOS,Resthouse,SK Member,1ST,MALICAY,RONALYN,OVILLO,,
2023 - 2026,REGION I,PANGASINAN,SAN CARLOS,Resthouse,SK Member,1ST,PALACA,JOHN RIO,MALICAY,,
2023 - 2026,REGION I,PANGASINAN,SAN CARLOS,Resthouse,SK Member,1ST,UAYAN,MARJUN,LLORAG,,
2023 - 2026,REGION I,PANGASINAN,SAN CARLOS,Resthouse,SK Secretary,,DIMPAS,CHESNAMAE,SARAGENA,,
2023 - 2026,REGION I,PANGASINAN,SAN CARLOS,Resthouse,SK Treasurer,,CATIPAY,JOEY ANGELO,,,
2023 - 2026,REGION I,PANGASINAN,SAN CARLOS,Romarate,Punong Barangay,2ND,MACABABAYAO,RUDY,DONO,,
2023 - 2026,REGION I,PANGASINAN,SAN CARLOS,Romarate,Sangguniang Barangay Member,1ST,Lumapas,Ralfgher,Laping,,
2023 - 2026,REGION I,PANGASINAN,SAN CARLOS,Romarate,Sangguniang Barangay Member,2ND,Pareja,Erelina,Tayong,,
2023 - 2026,REGION I,PANGASINAN,SAN CARLOS,Romarate,Sangguniang Barangay Member,1ST,Susbilla,Cresanta,Macababayao,,
2023 - 2026,REGION I,PANGASINAN,SAN CARLOS,Romarate,Sangguniang Barangay Member,1ST,Pareja,Eleazar,Barrientos,,
2023 - 2026,REGION I,PANGASINAN,SAN CARLOS,Romarate,Sangguniang Barangay Member,3RD,Aquino,Elsa,Laping,,
2023 - 2026,REGION I,PANGASINAN,SAN CARLOS,Romarate,Sangguniang Barangay Member,1ST,PEREZ,BOBBY JOHN,JADMAN,,
2023 - 2026,REGION I,PANGASINAN,SAN CARLOS,Romarate,Sangguniang Barangay Member,3RD,JIMENEZ,DENNIS,CENIZA,,
2023 - 2026,REGION I,PANGASINAN,SAN CARLOS,Romarate,SK Chairperson,1ST,CENIZA,CEDRIC,MACABABAYAO,,
2023 - 2026,REGION I,PANGASINAN,SAN CARLOS,Romarate,Barangay Treasurer,,Mascual,Lanie,Pareja,,
2023 - 2026,REGION I,PANGASINAN,SAN CARLOS,Romarate,Barangay Secretary,,Tubio,Almera,Comision,,
2023 - 2026,REGION I,PANGASINAN,SAN CARLOS,Romarate,SK Member,1ST,MACABABAYAO,JESSA,SARONG,,0000
2023 - 2026,REGION I,PANGASINAN,SAN CARLOS,Romarate,SK Member,1ST,PAREJA,LOVE ANGEL,PAMERON,,
2023 - 2026,REGION I,PANGASINAN,SAN CARLOS,Romarate,SK Member,1ST,BUTAYA,GAIL,OMO,,
2023 - 2026,REGION I,PANGASINAN,SAN CARLOS,Romarate,SK Member,1ST,LAPING,EZEKIEL FRANZ,,,
2023 - 2026,REGION I,PANGASINAN,SAN CARLOS,Romarate,SK Member,1ST,LOPEZ,JOSHUA,PAREJA,,
2023 - 2026,REGION I,PANGASINAN,SAN CARLOS,Romarate,SK Member,1ST,PAREJA,JOHN REY,JAYME,,
2023 - 2026,REGION I,PANGASINAN,SAN CARLOS,Romarate,SK Secretary,,PAREJA,STEPHANE,CATUCOD,,
2023 - 2026,REGION I,PANGASINAN,SAN CARLOS,Romarate,SK Treasurer,,OMO,CEDRIC JAMES,GEMANG,,
2023 - 2026,REGION I,PANGASINAN,SAN CARLOS,San Jose,Punong Barangay,2ND,FLORES,JIMMY,CABUSAS,,09389092625
2023 - 2026,REGION I,PANGASINAN,SAN CARLOS,San Jose,Sangguniang Barangay Member,3RD,Judilla,Bonifacio,Ceniza,,093899101677
2023 - 2026,REGION I,PANGASINAN,SAN CARLOS,San Jose,Sangguniang Barangay Member,3RD,MAYOL,ARISTEO,FLORES,,093899101677
2023 - 2026,REGION I,PANGASINAN,SAN CARLOS,San Jose,Sangguniang Barangay Member,1ST,RATO,CHRISTOPHER,CABUSAS,,09389092625
2023 - 2026,REGION I,PANGASINAN,SAN CARLOS,San Jose,Sangguniang Barangay Member,2ND,MAYORMITA,MARGARITA,TUMAMPOS,,093899101677
2023 - 2026,REGION I,PANGASINAN,SAN CARLOS,San Jose,Sangguniang Barangay Member,1ST,PINTAC,BEATRIZ,FLORES,,093899101677
2023 - 2026,REGION I,PANGASINAN,SAN CARLOS,San Jose,Sangguniang Barangay Member,1ST,CUA,JOSEPHINE,ALICAWAY,,093899101677
2023 - 2026,REGION I,PANGASINAN,SAN CARLOS,San Jose,Sangguniang Barangay Member,1ST,SEMENSE,MARTINO,TOLENTINO,,
2023 - 2026,REGION I,PANGASINAN,SAN CARLOS,San Jose,SK Chairperson,1ST,SEMENSE,BRIX CHRISTIAN,NARVASA,,09389092625
2023 - 2026,REGION I,PANGASINAN,SAN CARLOS,San Jose,Barangay Treasurer,,ASIGNAR,NELGRACE,BALIOS,,
2023 - 2026,REGION I,PANGASINAN,SAN CARLOS,San Jose,Barangay Secretary,,BATERSAL,MARIE LOU,MANATAD,,093899101677
2023 - 2026,REGION I,PANGASINAN,SAN CARLOS,San Jose,SK Member,1ST,CABILAN,APRIL JAY,MEPARANUM,,
2023 - 2026,REGION I,PANGASINAN,SAN CARLOS,San Jose,SK Member,1ST,PANILAGAN,THEA LOVELLE,PACIENCIA,,09389092625
2023 - 2026,REGION I,PANGASINAN,SAN CARLOS,San Jose,SK Member,1ST,ERAMIS,KLAIRE MAE,PACIENCIA,,
2023 - 2026,REGION I,PANGASINAN,SAN CARLOS,San Jose,SK Member,1ST,SALAZAR,JOHN LOYD,ESO,,09389092625
2023 - 2026,REGION I,PANGASINAN,SAN CARLOS,San Jose,SK Member,1ST,CARILLO,JOSEPH ANDRIE,DELOS REYES,,
2023 - 2026,REGION I,PANGASINAN,SAN CARLOS,San Jose,SK Member,1ST,PRIETO,VIENCE EPRHAIM,HIGARA,,
2023 - 2026,REGION I,PANGASINAN,SAN CARLOS,San Jose,SK Member,1ST,CERALVO,KARL APRIL,SIMBLANTE,,09389092625
2023 - 2026,REGION I,PANGASINAN,SAN CARLOS,San Jose,SK Secretary,,ENGLISA,FRANZINE RESTY,GALINDO,,09389092625
2023 - 2026,REGION I,PANGASINAN,SAN CARLOS,San Jose,SK Treasurer,,MINGO,KRISTINE,GALLANO,,
2023 - 2026,REGION I,PANGASINAN,SAN CARLOS,San Juan,Punong Barangay,3RD,VILLAVERDE,ALBERTO,PROJO,JR.,
2023 - 2026,REGION I,PANGASINAN,SAN CARLOS,San Juan,Sangguniang Barangay Member,3RD,TARIMAN,ANTONIO,RULE,,
2023 - 2026,REGION I,PANGASINAN,SAN CARLOS,San Juan,Sangguniang Barangay Member,2ND,PROJO,KEVIN,NABUA,,0000
2023 - 2026,REGION I,PANGASINAN,SAN CARLOS,San Juan,Sangguniang Barangay Member,3RD,JUNTILLA,PACITO,ORACION,,0629476513
2023 - 2026,REGION I,PANGASINAN,SAN CARLOS,San Juan,Sangguniang Barangay Member,1ST,Sarmiento,Sanny,Ronolo,,
2023 - 2026,REGION I,PANGASINAN,SAN CARLOS,San Juan,Sangguniang Barangay Member,2ND,CENIZA,CHARLITO,PONTIMAYOR,,0000
2023 - 2026,REGION I,PANGASINAN,SAN CARLOS,San Juan,Sangguniang Barangay Member,2ND,Vallejo,Jingkie,Projo,,
2023 - 2026,REGION I,PANGASINAN,SAN CARLOS,San Juan,Sangguniang Barangay Member,1ST,MANANQUIL,SAN CARLOS,VILLAVERDE,,
2023 - 2026,REGION I,PANGASINAN,SAN CARLOS,San Juan,SK Chairperson,1ST,CURBO,MAFAITH DIANNE,GIMANG,,0000
2023 - 2026,REGION I,PANGASINAN,SAN CARLOS,San Juan,Barangay Treasurer,,Quinco,Ana,Anez,,
2023 - 2026,REGION I,PANGASINAN,SAN CARLOS,San Juan,Barangay Secretary,,CURBO,MARIBETH,GIMANG,,0000
2023 - 2026,REGION I,PANGASINAN,SAN CARLOS,San Juan,SK Member,1ST,MACAHIS,JOHNREY,GLORIA,,0000
2023 - 2026,REGION I,PANGASINAN,SAN CARLOS,San Juan,SK Member,1ST,BENSON,RETCHELLE ANN,MANGUBAT,,0000
2023 - 2026,REGION I,PANGASINAN,SAN CARLOS,San Juan,SK Member,1ST,CENIZA,LEONARD,SUDARIA,,0000
2023 - 2026,REGION I,PANGASINAN,SAN CARLOS,San Juan,SK Member,1ST,SUSON,RENA ME,RONULO,,0000
2023 - 2026,REGION I,PANGASINAN,SAN CARLOS,San Juan,SK Member,1ST,SUSON,STEPHEN CARL,SANTA ROMANA,,0000
2023 - 2026,REGION I,PANGASINAN,SAN CARLOS,San Juan,SK Member,1ST,ROMARATE,AILYN,MANLANGIT,,0000
2023 - 2026,REGION I,PANGASINAN,SAN CARLOS,San Juan,SK Member,1ST,VILLAREAL,MEKYLA,ZAMORA,,0000
2023 - 2026,REGION I,PANGASINAN,SAN CARLOS,San Juan,SK Secretary,,JUNTILLA,JIRALD,RONULO,,0000
2023 - 2026,REGION I,PANGASINAN,SAN CARLOS,San Juan,SK Treasurer,,OLIVERIO,LEE,ARCEO,,0000
2023 - 2026,REGION I,PANGASINAN,SAN CARLOS,Sapa Loboc,Punong Barangay,1ST,ESTENZO,JESUS,ARENA,,
2023 - 2026,REGION I,PANGASINAN,SAN CARLOS,Sapa Loboc,Sangguniang Barangay Member,1ST,MIRANDA,MEMIE,ENOC,,
2023 - 2026,REGION I,PANGASINAN,SAN CARLOS,Sapa Loboc,Sangguniang Barangay Member,3RD,TARIMAN,VIANEY,COMISO,,
2023 - 2026,REGION I,PANGASINAN,SAN CARLOS,Sapa Loboc,Sangguniang Barangay Member,2ND,DAUG,HAZEL,DAGOOC,,
2023 - 2026,REGION I,PANGASINAN,SAN CARLOS,Sapa Loboc,Sangguniang Barangay Member,1ST,ALINSUG,CESAR,SULDANO,,
2023 - 2026,REGION I,PANGASINAN,SAN CARLOS,Sapa Loboc,Sangguniang Barangay Member,1ST,BANCAIREN,DANTE,CUBENO,,
2023 - 2026,REGION I,PANGASINAN,SAN CARLOS,Sapa Loboc,Sangguniang Barangay Member,3RD,SAYRE,JEAN-VE,RICHA,,
2023 - 2026,REGION I,PANGASINAN,SAN CARLOS,Sapa Loboc,Sangguniang Barangay Member,3RD,mancia,renante,bytunga,,
2023 - 2026,REGION I,PANGASINAN,SAN CARLOS,Sapa Loboc,SK Chairperson,1ST,bato,april mae,dumaog,,
2023 - 2026,REGION I,PANGASINAN,SAN CARLOS,Sapa Loboc,SK Member,1ST,maraquio,meriam,castro,,
2023 - 2026,REGION I,PANGASINAN,SAN CARLOS,Sapa Loboc,SK Member,1ST,nayingue,kenneth,carabantes,,
2023 - 2026,REGION I,PANGASINAN,SAN CARLOS,Sapa Loboc,SK Member,1ST,dayondon,marvie,remitar,,
2023 - 2026,REGION I,PANGASINAN,SAN CARLOS,Sapa Loboc,SK Member,1ST,arcilla,princess joy,alivio,,
2023 - 2026,REGION I,PANGASINAN,SAN CARLOS,Sapa Loboc,SK Member,1ST,caravantes,joey,alia,,
2023 - 2026,REGION I,PANGASINAN,SAN CARLOS,Sapa Loboc,SK Member,1ST,GOC-ONG,PRINCE BOY,LAMITA,,
2023 - 2026,REGION I,PANGASINAN,SAN CARLOS,Sapa Loboc,SK Member,1ST,BANCAIREN,MC KEVIN,BALACUIT,,
2023 - 2026,REGION I,PANGASINAN,SAN CARLOS,Sapa Loboc,SK Secretary,,DE GUZMAN,REGRE MAE,RASONABLE,,
2023 - 2026,REGION I,PANGASINAN,SAN CARLOS,Sapa Loboc,SK Treasurer,,yonson,j d lin,potutan,,
2023 - 2026,REGION I,PANGASINAN,SAN CARLOS,Tagulalo,Punong Barangay,1ST,ZAMBO,EDWARD,GERRA,,
2023 - 2026,REGION I,PANGASINAN,SAN CARLOS,Tagulalo,Sangguniang Barangay Member,1ST,PADAYHAG,ARCINDO,PAGLINAWAN,,
2023 - 2026,REGION I,PANGASINAN,SAN CARLOS,Tagulalo,Sangguniang Barangay Member,1ST,ZAMBO,RAMIL,DOS DOS,,
2023 - 2026,REGION I,PANGASINAN,SAN CARLOS,Tagulalo,Sangguniang Barangay Member,1ST,LUMOSAD,ROSEMARIE,MANCO,,
2023 - 2026,REGION I,PANGASINAN,SAN CARLOS,Tagulalo,Sangguniang Barangay Member,1ST,SABANAL,CERIACO,DAAS,JR.,
2023 - 2026,REGION I,PANGASINAN,SAN CARLOS,Tagulalo,Sangguniang Barangay Member,1ST,ORDENIZA,RENE BOY,LACADMAN,,
2023 - 2026,REGION I,PANGASINAN,SAN CARLOS,Tagulalo,Sangguniang Barangay Member,1ST,ANGGAM,ANGELITO,DAAS,,
2023 - 2026,REGION I,PANGASINAN,SAN CARLOS,Tagulalo,SK Chairperson,1ST,APOSTOL,BRENARD JAIRUS,,,
2023 - 2026,REGION I,PANGASINAN,SAN CARLOS,Tagulalo,Barangay Treasurer,,ANTIGA,MERLYN,SIMBAJON,,
2023 - 2026,REGION I,PANGASINAN,SAN CARLOS,Tagulalo,Barangay Secretary,,GALLERUS,GLENN JANE,DAAS,,
2023 - 2026,REGION I,PANGASINAN,SAN CARLOS,Tagulalo,SK Member,1ST,TUPAZ,JOSUA JEY,BOER,,
2023 - 2026,REGION I,PANGASINAN,SAN CARLOS,Tagulalo,SK Member,1ST,LUMOSAD,MIKE,BARREDO,,
2023 - 2026,REGION I,PANGASINAN,SAN CARLOS,Tagulalo,SK Member,1ST,GERRA,ALGIE,MANCO,,
2023 - 2026,REGION I,PANGASINAN,SAN CARLOS,Tagulalo,SK Member,1ST,ERNANE,VALERIE,FLORES,,
2023 - 2026,REGION I,PANGASINAN,SAN CARLOS,Tagulalo,SK Member,1ST,ALAGASE,PRINCESS MAE ALEXIN,CONEJOS,,
2023 - 2026,REGION I,PANGASINAN,SAN CARLOS,Tagulalo,SK Member,1ST,ANTIGA,PATRICK,SIMBAJON,,
2023 - 2026,REGION I,PANGASINAN,SAN CARLOS,Tagulalo,SK Member,1ST,PADAYHAG,CRISTIAN,,,
2023 - 2026,REGION I,PANGASINAN,SAN CARLOS,Tagulalo,SK Secretary,,BARTE,JUVYLYN MAE,PELIBINO,,
2023 - 2026,REGION I,PANGASINAN,SAN CARLOS,Tagulalo,SK Treasurer,,LUMOSAD,LYNGEME,PELIBINO,,
2023 - 2026,REGION I,PANGASINAN,SAN CARLOS,Waterfall,Punong Barangay,1ST,CENIZA,BELINDA,BONTIA,,
2023 - 2026,REGION I,PANGASINAN,SAN CARLOS,Waterfall,Sangguniang Barangay Member,1ST,BONTIA,AMPARO,D.,,
2023 - 2026,REGION I,PANGASINAN,SAN CARLOS,Waterfall,Sangguniang Barangay Member,3RD,MOLDE,NOE,DURAN,,
2023 - 2026,REGION I,PANGASINAN,SAN CARLOS,Waterfall,Sangguniang Barangay Member,1ST,BEDUYA,MARCELINO,PEPITO,,
2023 - 2026,REGION I,PANGASINAN,SAN CARLOS,Waterfall,Sangguniang Barangay Member,1ST,orlanes,orlando,naboa,,
2023 - 2026,REGION I,PANGASINAN,SAN CARLOS,Waterfall,Sangguniang Barangay Member,1ST,bontia,decmer,DABON,,
2023 - 2026,REGION I,PANGASINAN,SAN CARLOS,Waterfall,Sangguniang Barangay Member,1ST,ARMERO,JELWIN,duran,,
2023 - 2026,REGION I,PANGASINAN,SAN CARLOS,Waterfall,Sangguniang Barangay Member,2ND,BUCTUAN,JOSEPHINE,PANINSURO,,
2023 - 2026,REGION I,PANGASINAN,SAN CARLOS,Waterfall,SK Chairperson,1ST,Labangon,Ian Ric,Butaya,,
2023 - 2026,REGION I,PANGASINAN,SAN CARLOS,Waterfall,Barangay Treasurer,,RODRIGO,JUVIE,LAGOS,,
2023 - 2026,REGION I,PANGASINAN,SAN CARLOS,Waterfall,Barangay Secretary,,ALCAIN,REBECCA,TOMENES,,
2023 - 2026,REGION I,PANGASINAN,SAN CARLOS,Waterfall,SK Member,1ST,DueÑas,Jhunnel,Benduya,,
2023 - 2026,REGION I,PANGASINAN,SAN CARLOS,Waterfall,SK Member,1ST,MOLDE,JOHN MICHAEL,DUEÑAS,,
2023 - 2026,REGION I,PANGASINAN,SAN CARLOS,Waterfall,SK Member,1ST,DUEÑAS,JERRY,TABUDLONG,,
2023 - 2026,REGION I,PANGASINAN,SAN CARLOS,Waterfall,SK Member,1ST,VILLAMOR,CHRISTIE,,,
2023 - 2026,REGION I,PANGASINAN,SAN CARLOS,Waterfall,SK Member,1ST,Molejon,Jhulie Rose,Lagos,,
2023 - 2026,REGION I,PANGASINAN,SAN CARLOS,Waterfall,SK Member,1ST,Beduya,Elaine Grace,,,
2023 - 2026,REGION I,PANGASINAN,SAN CARLOS,Waterfall,SK Member,1ST,DUEÑAS,VALERIANO,ORLANES,,
2023 - 2026,REGION I,PANGASINAN,SAN CARLOS,Waterfall,SK Secretary,,BUCTU-AN,PRINCESS ZYDEL MAE,PANINSURO,,
2023 - 2026,REGION I,PANGASINAN,SAN CARLOS,Waterfall,SK Treasurer,,DENSING,EMELYN,JUMARITO,,
